Code,From,To,Duration,Transition_Year,Is_Left_Censored
ABW,UM,H,3,1994,True
AGO,L,LM,9,2004,False
AGO,LM,UM,7,2011,False
ALB,L,LM,3,1996,False
ALB,L,LM,1,1998,False
ALB,LM,UM,11,2009,False
ALB,LM,UM,1,2012,False
ANT,UM,H,3,1994,True
ARG,UM,H,23,2014,True
ARG,UM,H,2,2017,False
ARM,L,LM,9,2002,False
ARM,LM,UM,15,2017,False
ASM,UM,H,31,2022,True
ATG,UM,H,11,2002,True
ATG,UM,H,2,2005,False
ATG,UM,H,3,2012,False
AZE,L,LM,9,2003,False
AZE,LM,UM,6,2009,False
BEN,L,LM,28,2019,True
BGD,L,LM,23,2014,True
BGR,LM,UM,15,2006,True
BGR,UM,H,17,2023,False
BHR,UM,H,10,2001,True
BIH,L,LM,5,1998,False
BIH,LM,UM,10,2008,False
BLR,LM,UM,13,2007,False
BLZ,LM,UM,11,2002,True
BLZ,LM,UM,4,2012,False
BLZ,LM,UM,1,2021,False
BRA,LM,UM,4,2006,False
BRB,UM,H,9,2000,True
BRB,UM,H,1,2002,False
BRB,UM,H,3,2006,False
BTN,L,LM,15,2006,True
BWA,LM,UM,4,1997,False
CHL,LM,UM,2,1993,True
CHL,UM,H,19,2012,False
CHN,L,LM,6,1997,True
CHN,L,LM,1,1999,False
CHN,LM,UM,11,2010,False
CIV,L,LM,15,2008,False
CMR,L,LM,11,2005,False
COG,L,LM,11,2005,False
COL,LM,UM,17,2008,True
COM,L,LM,27,2018,True
CPV,LM,UM,33,2024,True
CRI,LM,UM,9,2000,True
CRI,UM,H,24,2024,False
CUB,LM,UM,16,2007,True
CZE,LM,UM,2,1994,False
CZE,UM,H,12,2006,False
DMA,LM,UM,8,1999,True
DOM,LM,UM,17,2008,True
DZA,LM,UM,17,2008,True
DZA,LM,UM,4,2023,False
ECU,LM,UM,19,2010,True
EGY,L,LM,4,1995,True
EST,LM,UM,3,1997,False
EST,UM,H,9,2006,False
FJI,LM,UM,16,2007,True
FJI,LM,UM,2,2012,False
FSM,LM,UM,34,2025,True
GEO,L,LM,3,1996,False
GEO,L,LM,4,2003,False
GEO,LM,UM,12,2015,False
GEO,LM,UM,2,2018,False
GHA,L,LM,19,2010,True
GIB,UM,H,3,2009,True
GIN,L,LM,31,2022,True
GNQ,L,LM,6,1997,True
GNQ,L,UM,3,2004,False
GNQ,UM,H,3,2007,False
GRC,UM,H,5,1996,True
GRD,LM,UM,6,1997,True
GTM,LM,UM,26,2017,True
GUM,UM,H,4,1995,True
GUY,L,LM,6,1997,True
GUY,LM,UM,18,2015,False
GUY,UM,H,7,2022,False
HND,L,LM,8,1999,True
HRV,LM,UM,3,1995,False
HRV,UM,H,13,2008,False
HRV,UM,H,1,2017,False
HTI,L,LM,29,2020,True
HUN,UM,H,16,2007,True
HUN,UM,H,2,2014,False
IDN,L,LM,2,1993,True
IDN,L,LM,5,2003,False
IDN,LM,UM,16,2019,False
IDN,LM,UM,2,2022,False
IMN,UM,H,11,2002,True
IND,L,LM,16,2007,True
IRN,LM,UM,18,2009,True
IRN,LM,UM,3,2023,False
IRQ,LM,UM,21,2012,True
JAM,LM,UM,16,2007,True
JOR,LM,UM,19,2010,True
JOR,LM,UM,1,2017,False
JOR,LM,UM,3,2025,False
KAZ,LM,UM,15,2006,True
KEN,L,LM,23,2014,True
KGZ,L,LM,19,2013,False
KHM,L,LM,24,2015,True
KNA,UM,H,20,2011,True
KOR,UM,H,4,1995,True
KOR,UM,H,3,2001,False
LAO,L,LM,19,2010,True
LBN,LM,UM,6,1997,True
LCA,LM,UM,1,1992,True
LKA,L,LM,6,1997,True
LKA,LM,UM,21,2018,False
LKA,LM,UM,6,2025,False
LSO,L,LM,4,1995,True
LSO,L,LM,9,2005,False
LTU,LM,UM,9,2001,False
LTU,UM,H,11,2012,False
LVA,LM,UM,9,2001,False
LVA,UM,H,8,2009,False
LVA,UM,H,2,2012,False
MAC,UM,H,3,1994,True
MDA,L,LM,9,2005,False
MDA,LM,UM,15,2020,False
MDV,L,LM,2,1993,True
MDV,LM,UM,17,2010,False
MHL,LM,UM,21,2012,True
MKD,LM,UM,16,2008,False
MLT,UM,H,7,1998,True
MLT,UM,H,1,2000,False
MLT,UM,H,1,2002,False
MMR,L,LM,23,2014,True
MNG,L,LM,14,2007,False
MNG,LM,UM,7,2014,False
MNG,LM,UM,8,2023,False
MNP,LM,H,3,1995,False
MNP,UM,H,5,2007,False
MRT,L,LM,19,2010,True
MRT,L,LM,1,2012,False
MUS,LM,UM,1,1992,True
MUS,UM,H,27,2019,False
MYS,LM,UM,1,1992,True
NAM,LM,UM,17,2008,True
NCL,UM,H,4,1995,True
NGA,L,LM,17,2008,True
NIC,L,LM,14,2005,True
NPL,L,LM,28,2019,True
NRU,UM,H,3,2019,False
OMN,UM,H,16,2007,True
PAK,L,LM,17,2008,True
PAN,LM,UM,7,1998,True
PAN,UM,H,19,2017,False
PAN,UM,H,1,2021,False
PER,LM,UM,17,2008,True
PHL,LM,UM,34,2025,True
PLW,UM,H,20,2016,False
PLW,UM,H,2,2023,False
PNG,L,LM,7,2008,False
POL,LM,UM,5,1996,True
POL,UM,H,13,2009,False
PRI,UM,H,11,2002,True
PRT,UM,H,3,1994,True
PRY,LM,UM,23,2014,True
PSE,LM,UM,28,2022,False
ROU,LM,UM,14,2005,True
ROU,UM,H,14,2019,False
ROU,UM,H,1,2021,False
RUS,LM,UM,12,2004,False
RUS,UM,H,8,2012,False
RUS,UM,H,8,2023,False
SAU,UM,H,13,2004,True
SDN,L,LM,16,2007,True
SEN,L,LM,15,2009,False
SEN,L,LM,3,2018,False
SLB,L,LM,1,1992,True
SLB,L,LM,10,2008,False
SLB,L,LM,1,2010,False
SLV,LM,UM,31,2022,True
SSD,L,LM,1,2013,False
STP,L,LM,17,2008,True
SUR,LM,UM,14,2007,False
SVK,LM,UM,4,1996,False
SVK,UM,H,11,2007,False
SVN,UM,H,5,1997,False
SYC,UM,H,23,2014,True
TGO,L,LM,34,2025,True
THA,LM,UM,19,2010,True
TJK,L,LM,22,2014,False
TJK,L,LM,3,2020,False
TKM,L,LM,3,2000,False
TKM,LM,UM,11,2011,False
TLS,L,LM,6,2007,False
TON,LM,UM,21,2012,True
TON,LM,UM,1,2016,False
TTO,UM,H,15,2006,True
TUN,LM,UM,19,2010,True
TUR,LM,UM,6,1997,True
TUR,LM,UM,1,2000,False
TUR,LM,UM,3,2004,False
TUV,LM,UM,2,2011,False
TZA,L,LM,28,2019,True
UKR,L,LM,3,2002,False
UKR,LM,UM,21,2023,False
URY,UM,H,21,2012,True
UZB,L,LM,10,2009,False
VCT,LM,UM,12,2003,True
VEN,LM,UM,3,1997,False
VEN,UM,H,17,2014,False
VNM,L,LM,18,2009,True
VNM,LM,UM,16,2025,False
WSM,LM,UM,25,2016,True
WSM,LM,UM,4,2024,False
XKX,LM,UM,10,2018,False
YEM,L,LM,18,2009,True
ZAF,LM,UM,1,1999,False
ZAF,LM,UM,3,2004,False
ZMB,L,LM,19,2010,True
ZMB,L,LM,1,2022,False
ZWE,L,LM,27,2018,True
