Code,1991,1992,1993,1994,1995,1996,1997,1998,1999,2000,2001,2002,2003,2004,2005,2006,2007,2008,2009,2010,2011,2012,2013,2014,2015,2016,2017,2018,2019,2020,2021,2022,2023,2024,2025,2026
ABW,UM,UM,UM,H,H,H,H,H,H,H,H,H,H,H,H,H,H,H,H,H,H,H,H,H,H,H,H,H,H,H,H,H,H,H,H,H
AGO,LM,LM,LM,LM,L,L,L,L,L,L,L,L,L,LM,LM,LM,LM,LM,LM,LM,UM,UM,UM,UM,UM,LM,LM,LM,LM,LM,LM,LM,LM,LM,LM,LM
ALB,LM,LM,L,L,L,LM,L,LM,LM,LM,LM,LM,LM,LM,LM,LM,LM,LM,UM,UM,LM,UM,UM,UM,UM,UM,UM,UM,UM,UM,UM,UM,UM,UM,UM,UM
ANT,UM,UM,UM,H,H,H,H,H,H,H,H,H,H,H,H,H,H,H,H,,,,,,,,,,,,,,,,,
ARG,UM,UM,UM,UM,UM,UM,UM,UM,UM,UM,UM,UM,UM,UM,UM,UM,UM,UM,UM,UM,UM,UM,UM,H,UM,UM,H,UM,UM,UM,UM,UM,UM,UM,UM,UM
ARM,LM,LM,L,L,L,L,L,L,L,L,L,LM,LM,LM,LM,LM,LM,LM,LM,LM,LM,LM,LM,LM,LM,LM,UM,UM,UM,UM,UM,UM,UM,UM,UM,UM
ASM,UM,UM,UM,UM,UM,UM,UM,UM,UM,UM,UM,UM,UM,UM,UM,UM,UM,UM,UM,UM,UM,UM,UM,UM,UM,UM,UM,UM,UM,UM,UM,H,H,H,H,H
ATG,UM,UM,UM,UM,UM,UM,UM,UM,UM,UM,UM,H,UM,UM,H,H,H,H,UM,UM,UM,H,H,H,H,H,H,H,H,H,H,H,H,H,H,H
AZE,LM,LM,LM,L,L,L,L,L,L,L,L,L,LM,LM,LM,LM,LM,LM,UM,UM,UM,UM,UM,UM,UM,UM,UM,UM,UM,UM,UM,UM,UM,UM,UM,UM
BEN,L,L,L,L,L,L,L,L,L,L,L,L,L,L,L,L,L,L,L,L,L,L,L,L,L,L,L,L,LM,LM,LM,LM,LM,LM,LM,LM
BGD,L,L,L,L,L,L,L,L,L,L,L,L,L,L,L,L,L,L,L,L,L,L,L,LM,LM,LM,LM,LM,LM,LM,LM,LM,LM,LM,LM,LM
BGR,LM,LM,LM,LM,LM,LM,LM,LM,LM,LM,LM,LM,LM,LM,LM,UM,UM,UM,UM,UM,UM,UM,UM,UM,UM,UM,UM,UM,UM,UM,UM,UM,H,H,H,H
BHR,UM,UM,UM,UM,UM,UM,UM,UM,UM,UM,H,H,H,H,H,H,H,H,H,H,H,H,H,H,H,H,H,H,H,H,H,H,H,H,H,H
BIH,,LM,L,L,L,L,L,LM,LM,LM,LM,LM,LM,LM,LM,LM,LM,UM,UM,UM,UM,UM,UM,UM,UM,UM,UM,UM,UM,UM,UM,UM,UM,UM,UM,UM
BLR,UM,UM,UM,LM,LM,LM,LM,LM,LM,LM,LM,LM,LM,LM,LM,LM,UM,UM,UM,UM,UM,UM,UM,UM,UM,UM,UM,UM,UM,UM,UM,UM,UM,UM,UM,UM
BLZ,LM,LM,LM,LM,LM,LM,LM,LM,LM,LM,LM,UM,UM,UM,UM,UM,UM,LM,LM,LM,LM,UM,UM,UM,UM,UM,UM,UM,UM,LM,UM,UM,UM,UM,UM,UM
BRA,UM,UM,UM,UM,UM,UM,UM,UM,UM,UM,UM,LM,LM,LM,LM,UM,UM,UM,UM,UM,UM,UM,UM,UM,UM,UM,UM,UM,UM,UM,UM,UM,UM,UM,UM,UM
BRB,UM,UM,UM,UM,UM,UM,UM,UM,UM,H,UM,H,UM,UM,UM,H,H,H,H,H,H,H,H,H,H,H,H,H,H,H,H,H,H,H,H,H
BTN,L,L,L,L,L,L,L,L,L,L,L,L,L,L,L,LM,LM,LM,LM,LM,LM,LM,LM,LM,LM,LM,LM,LM,LM,LM,LM,LM,LM,LM,LM,LM
BWA,UM,UM,LM,LM,LM,LM,UM,UM,UM,UM,UM,UM,UM,UM,UM,UM,UM,UM,UM,UM,UM,UM,UM,UM,UM,UM,UM,UM,UM,UM,UM,UM,UM,UM,UM,UM
CHL,LM,LM,UM,UM,UM,UM,UM,UM,UM,UM,UM,UM,UM,UM,UM,UM,UM,UM,UM,UM,UM,H,H,H,H,H,H,H,H,H,H,H,H,H,H,H
CHN,L,L,L,L,L,L,LM,L,LM,LM,LM,LM,LM,LM,LM,LM,LM,LM,LM,UM,UM,UM,UM,UM,UM,UM,UM,UM,UM,UM,UM,UM,UM,UM,UM,UM
CIV,LM,LM,L,L,L,L,L,L,L,L,L,L,L,L,L,L,L,LM,LM,LM,LM,LM,LM,LM,LM,LM,LM,LM,LM,LM,LM,LM,LM,LM,LM,LM
CMR,LM,LM,LM,L,L,L,L,L,L,L,L,L,L,L,LM,LM,LM,LM,LM,LM,LM,LM,LM,LM,LM,LM,LM,LM,LM,LM,LM,LM,LM,LM,LM,LM
COG,LM,LM,LM,L,L,L,L,L,L,L,L,L,L,L,LM,LM,LM,LM,LM,LM,LM,LM,LM,LM,LM,LM,LM,LM,LM,LM,LM,LM,LM,LM,LM,LM
COL,LM,LM,LM,LM,LM,LM,LM,LM,LM,LM,LM,LM,LM,LM,LM,LM,LM,UM,UM,UM,UM,UM,UM,UM,UM,UM,UM,UM,UM,UM,UM,UM,UM,UM,UM,UM
COM,L,L,L,L,L,L,L,L,L,L,L,L,L,L,L,L,L,L,L,L,L,L,L,L,L,L,L,LM,LM,LM,LM,LM,LM,LM,LM,LM
CPV,LM,LM,LM,LM,LM,LM,LM,LM,LM,LM,LM,LM,LM,LM,LM,LM,LM,LM,LM,LM,LM,LM,LM,LM,LM,LM,LM,LM,LM,LM,LM,LM,LM,UM,UM,UM
CRI,LM,LM,LM,LM,LM,LM,LM,LM,LM,UM,UM,UM,UM,UM,UM,UM,UM,UM,UM,UM,UM,UM,UM,UM,UM,UM,UM,UM,UM,UM,UM,UM,UM,H,H,H
CUB,LM,LM,LM,LM,LM,LM,LM,LM,LM,LM,LM,LM,LM,LM,LM,LM,UM,UM,UM,UM,UM,UM,UM,UM,UM,UM,UM,UM,UM,UM,UM,UM,UM,UM,UM,UM
CZE,,LM,LM,UM,UM,UM,UM,UM,UM,UM,UM,UM,UM,UM,UM,H,H,H,H,H,H,H,H,H,H,H,H,H,H,H,H,H,H,H,H,H
DMA,LM,LM,LM,LM,LM,LM,LM,LM,UM,UM,UM,UM,UM,UM,UM,UM,UM,UM,UM,UM,UM,UM,UM,UM,UM,UM,UM,UM,UM,UM,UM,UM,UM,UM,UM,UM
DOM,LM,LM,LM,LM,LM,LM,LM,LM,LM,LM,LM,LM,LM,LM,LM,LM,LM,UM,UM,UM,UM,UM,UM,UM,UM,UM,UM,UM,UM,UM,UM,UM,UM,UM,UM,UM
DZA,LM,LM,LM,LM,LM,LM,LM,LM,LM,LM,LM,LM,LM,LM,LM,LM,LM,UM,UM,UM,UM,UM,UM,UM,UM,UM,UM,UM,LM,LM,LM,LM,UM,UM,UM,UM
ECU,LM,LM,LM,LM,LM,LM,LM,LM,LM,LM,LM,LM,LM,LM,LM,LM,LM,LM,LM,UM,UM,UM,UM,UM,UM,UM,UM,UM,UM,UM,UM,UM,UM,UM,UM,UM
EGY,L,L,L,L,LM,LM,LM,LM,LM,LM,LM,LM,LM,LM,LM,LM,LM,LM,LM,LM,LM,LM,LM,LM,LM,LM,LM,LM,LM,LM,LM,LM,LM,LM,LM,LM
EST,UM,UM,UM,LM,LM,LM,UM,UM,UM,UM,UM,UM,UM,UM,UM,H,H,H,H,H,H,H,H,H,H,H,H,H,H,H,H,H,H,H,H,H
FJI,LM,LM,LM,LM,LM,LM,LM,LM,LM,LM,LM,LM,LM,LM,LM,LM,UM,UM,UM,LM,LM,UM,UM,UM,UM,UM,UM,UM,UM,UM,UM,UM,UM,UM,UM,UM
FSM,LM,LM,LM,LM,LM,LM,LM,LM,LM,LM,LM,LM,LM,LM,LM,LM,LM,LM,LM,LM,LM,LM,LM,LM,LM,LM,LM,LM,LM,LM,LM,LM,LM,LM,UM,UM
GEO,LM,LM,L,L,L,LM,LM,LM,L,L,L,L,LM,LM,LM,LM,LM,LM,LM,LM,LM,LM,LM,LM,UM,LM,LM,UM,UM,UM,UM,UM,UM,UM,UM,UM
GHA,L,L,L,L,L,L,L,L,L,L,L,L,L,L,L,L,L,L,L,LM,LM,LM,LM,LM,LM,LM,LM,LM,LM,LM,LM,LM,LM,LM,LM,LM
GIB,UM,UM,UM,,,,,,,,,,,,,,,,H,H,,,,,H,H,H,H,H,H,H,H,H,H,H,H
GIN,L,L,L,L,L,L,L,L,L,L,L,L,L,L,L,L,L,L,L,L,L,L,L,L,L,L,L,L,L,L,L,LM,LM,LM,LM,LM
GNQ,L,L,L,L,L,L,LM,LM,LM,LM,L,L,L,UM,UM,UM,H,H,H,H,H,H,H,H,UM,UM,UM,UM,UM,UM,UM,UM,UM,UM,UM,UM
GRC,UM,UM,UM,UM,UM,H,H,H,H,H,H,H,H,H,H,H,H,H,H,H,H,H,H,H,H,H,H,H,H,H,H,H,H,H,H,H
GRD,LM,LM,LM,LM,LM,LM,UM,UM,UM,UM,UM,UM,UM,UM,UM,UM,UM,UM,UM,UM,UM,UM,UM,UM,UM,UM,UM,UM,UM,UM,UM,UM,UM,UM,UM,UM
GTM,LM,LM,LM,LM,LM,LM,LM,LM,LM,LM,LM,LM,LM,LM,LM,LM,LM,LM,LM,LM,LM,LM,LM,LM,LM,LM,UM,UM,UM,UM,UM,UM,UM,UM,UM,UM
GUM,UM,UM,UM,UM,H,H,H,H,H,H,H,H,H,H,H,H,H,H,H,H,H,H,H,H,H,H,H,H,H,H,H,H,H,H,H,H
GUY,L,L,L,L,L,L,LM,LM,LM,LM,LM,LM,LM,LM,LM,LM,LM,LM,LM,LM,LM,LM,LM,LM,UM,UM,UM,UM,UM,UM,UM,H,H,H,H,H
HND,L,L,L,L,L,L,L,L,LM,LM,LM,LM,LM,LM,LM,LM,LM,LM,LM,LM,LM,LM,LM,LM,LM,LM,LM,LM,LM,LM,LM,LM,LM,LM,LM,LM
HRV,,LM,LM,LM,UM,UM,UM,UM,UM,UM,UM,UM,UM,UM,UM,UM,UM,H,H,H,H,H,H,H,H,UM,H,H,H,H,H,H,H,H,H,H
HTI,L,L,L,L,L,L,L,L,L,L,L,L,L,L,L,L,L,L,L,L,L,L,L,L,L,L,L,L,L,LM,LM,LM,LM,LM,LM,LM
HUN,UM,UM,UM,UM,UM,UM,UM,UM,UM,UM,UM,UM,UM,UM,UM,UM,H,H,H,H,H,UM,UM,H,H,H,H,H,H,H,H,H,H,H,H,H
IDN,L,L,LM,LM,LM,LM,LM,L,L,L,L,L,LM,LM,LM,LM,LM,LM,LM,LM,LM,LM,LM,LM,LM,LM,LM,LM,UM,LM,LM,UM,UM,UM,UM,UM
IMN,UM,UM,UM,UM,UM,UM,UM,UM,UM,UM,UM,H,H,H,H,H,H,H,H,H,H,H,H,H,H,H,H,H,H,H,H,H,H,H,H,H
IND,L,L,L,L,L,L,L,L,L,L,L,L,L,L,L,L,LM,LM,LM,LM,LM,LM,LM,LM,LM,LM,LM,LM,LM,LM,LM,LM,LM,LM,LM,LM
IRN,LM,LM,LM,LM,LM,LM,LM,LM,LM,LM,LM,LM,LM,LM,LM,LM,LM,LM,UM,UM,UM,UM,UM,UM,UM,UM,UM,UM,UM,LM,LM,LM,UM,UM,UM,UM
IRQ,LM,LM,LM,LM,LM,LM,LM,LM,LM,LM,LM,LM,LM,LM,LM,LM,LM,LM,LM,LM,LM,UM,UM,UM,UM,UM,UM,UM,UM,UM,UM,UM,UM,UM,UM,UM
JAM,LM,LM,LM,LM,LM,LM,LM,LM,LM,LM,LM,LM,LM,LM,LM,LM,UM,UM,UM,UM,UM,UM,UM,UM,UM,UM,UM,UM,UM,UM,UM,UM,UM,UM,UM,UM
JOR,LM,LM,LM,LM,LM,LM,LM,LM,LM,LM,LM,LM,LM,LM,LM,LM,LM,LM,LM,UM,UM,UM,UM,UM,UM,LM,UM,UM,UM,UM,UM,LM,LM,LM,UM,UM
KAZ,LM,LM,LM,LM,LM,LM,LM,LM,LM,LM,LM,LM,LM,LM,LM,UM,UM,UM,UM,UM,UM,UM,UM,UM,UM,UM,UM,UM,UM,UM,UM,UM,UM,UM,UM,UM
KEN,L,L,L,L,L,L,L,L,L,L,L,L,L,L,L,L,L,L,L,L,L,L,L,LM,LM,LM,LM,LM,LM,LM,LM,LM,LM,LM,LM,LM
KGZ,LM,LM,LM,L,L,L,L,L,L,L,L,L,L,L,L,L,L,L,L,L,L,L,LM,LM,LM,LM,LM,LM,LM,LM,LM,LM,LM,LM,LM,LM
KHM,L,L,L,L,L,L,L,L,L,L,L,L,L,L,L,L,L,L,L,L,L,L,L,L,LM,LM,LM,LM,LM,LM,LM,LM,LM,LM,LM,LM
KNA,UM,UM,UM,UM,UM,UM,UM,UM,UM,UM,UM,UM,UM,UM,UM,UM,UM,UM,UM,UM,H,H,H,H,H,H,H,H,H,H,H,H,H,H,H,H
KOR,UM,UM,UM,UM,H,H,H,UM,UM,UM,H,H,H,H,H,H,H,H,H,H,H,H,H,H,H,H,H,H,H,H,H,H,H,H,H,H
LAO,L,L,L,L,L,L,L,L,L,L,L,L,L,L,L,L,L,L,L,LM,LM,LM,LM,LM,LM,LM,LM,LM,LM,LM,LM,LM,LM,LM,LM,LM
LBN,LM,LM,LM,LM,LM,LM,UM,UM,UM,UM,UM,UM,UM,UM,UM,UM,UM,UM,UM,UM,UM,UM,UM,UM,UM,UM,UM,UM,UM,UM,LM,LM,LM,LM,LM,LM
LCA,LM,UM,UM,UM,UM,UM,UM,UM,UM,UM,UM,UM,UM,UM,UM,UM,UM,UM,UM,UM,UM,UM,UM,UM,UM,UM,UM,UM,UM,UM,UM,UM,UM,UM,UM,UM
LKA,L,L,L,L,L,L,LM,LM,LM,LM,LM,LM,LM,LM,LM,LM,LM,LM,LM,LM,LM,LM,LM,LM,LM,LM,LM,UM,LM,LM,LM,LM,LM,LM,UM,UM
LSO,L,L,L,L,LM,L,L,L,L,L,L,L,L,L,LM,LM,LM,LM,LM,LM,LM,LM,LM,LM,LM,LM,LM,LM,LM,LM,LM,LM,LM,LM,LM,LM
LTU,UM,LM,LM,LM,LM,LM,LM,LM,LM,LM,UM,UM,UM,UM,UM,UM,UM,UM,UM,UM,UM,H,H,H,H,H,H,H,H,H,H,H,H,H,H,H
LVA,UM,LM,LM,LM,LM,LM,LM,LM,LM,LM,UM,UM,UM,UM,UM,UM,UM,UM,H,UM,UM,H,H,H,H,H,H,H,H,H,H,H,H,H,H,H
MAC,UM,UM,UM,H,H,H,H,H,H,H,H,H,H,H,H,H,H,H,H,H,H,H,H,H,H,H,H,H,H,H,H,H,H,H,H,H
MDA,LM,LM,LM,LM,LM,L,L,L,L,L,L,L,L,L,LM,LM,LM,LM,LM,LM,LM,LM,LM,LM,LM,LM,LM,LM,LM,UM,UM,UM,UM,UM,UM,UM
MDV,L,L,LM,LM,LM,LM,LM,LM,LM,LM,LM,LM,LM,LM,LM,LM,LM,LM,LM,UM,UM,UM,UM,UM,UM,UM,UM,UM,UM,UM,UM,UM,UM,UM,UM,UM
MHL,LM,LM,LM,LM,LM,LM,LM,LM,LM,LM,LM,LM,LM,LM,LM,LM,LM,LM,LM,LM,LM,UM,UM,UM,UM,UM,UM,UM,UM,UM,UM,UM,UM,UM,UM,UM
MKD,,LM,LM,LM,LM,LM,LM,LM,LM,LM,LM,LM,LM,LM,LM,LM,LM,UM,UM,UM,UM,UM,UM,UM,UM,UM,UM,UM,UM,UM,UM,UM,UM,UM,UM,UM
MLT,UM,UM,UM,UM,UM,UM,UM,H,UM,H,UM,H,H,H,H,H,H,H,H,H,H,H,H,H,H,H,H,H,H,H,H,H,H,H,H,H
MMR,L,L,L,L,L,L,L,L,L,L,L,L,L,L,L,L,L,L,L,L,L,L,L,LM,LM,LM,LM,LM,LM,LM,LM,LM,LM,LM,LM,LM
MNG,LM,LM,L,L,L,L,L,L,L,L,L,L,L,L,L,L,LM,LM,LM,LM,LM,LM,LM,UM,LM,LM,LM,LM,LM,LM,LM,LM,UM,UM,UM,UM
MNP,,LM,LM,LM,H,H,H,H,H,H,H,UM,UM,UM,UM,UM,H,H,H,H,H,H,H,H,H,H,H,H,H,H,H,H,H,H,H,H
MRT,L,L,L,L,L,L,L,L,L,L,L,L,L,L,L,L,L,L,L,LM,L,LM,LM,LM,LM,LM,LM,LM,LM,LM,LM,LM,LM,LM,LM,LM
MUS,LM,UM,UM,UM,UM,UM,UM,UM,UM,UM,UM,UM,UM,UM,UM,UM,UM,UM,UM,UM,UM,UM,UM,UM,UM,UM,UM,UM,H,UM,UM,UM,UM,UM,UM,UM
MYS,LM,UM,UM,UM,UM,UM,UM,UM,UM,UM,UM,UM,UM,UM,UM,UM,UM,UM,UM,UM,UM,UM,UM,UM,UM,UM,UM,UM,UM,UM,UM,UM,UM,UM,UM,UM
NAM,LM,LM,LM,LM,LM,LM,LM,LM,LM,LM,LM,LM,LM,LM,LM,LM,LM,UM,UM,UM,UM,UM,UM,UM,UM,UM,UM,UM,UM,UM,UM,UM,UM,LM,LM,LM
NCL,UM,UM,UM,UM,H,H,H,H,H,H,H,H,H,H,H,H,H,H,H,H,H,H,H,H,H,H,H,H,H,H,H,H,H,H,H,H
NGA,L,L,L,L,L,L,L,L,L,L,L,L,L,L,L,L,L,LM,LM,LM,LM,LM,LM,LM,LM,LM,LM,LM,LM,LM,LM,LM,LM,LM,LM,LM
NIC,L,L,L,L,L,L,L,L,L,L,L,L,L,L,LM,LM,LM,LM,LM,LM,LM,LM,LM,LM,LM,LM,LM,LM,LM,LM,LM,LM,LM,LM,LM,LM
NPL,L,L,L,L,L,L,L,L,L,L,L,L,L,L,L,L,L,L,L,L,L,L,L,L,L,L,L,L,LM,LM,LM,LM,LM,LM,LM,LM
NRU,,,,,,,,,,,,,,,,,,,,,,,,,H,UM,UM,UM,H,H,H,H,H,H,H,H
OMN,UM,UM,UM,UM,UM,UM,UM,UM,UM,UM,UM,UM,UM,UM,UM,UM,H,H,H,H,H,H,H,H,H,H,H,H,H,H,H,H,H,H,H,H
PAK,L,L,L,L,L,L,L,L,L,L,L,L,L,L,L,L,L,LM,LM,LM,LM,LM,LM,LM,LM,LM,LM,LM,LM,LM,LM,LM,LM,LM,LM,LM
PAN,LM,LM,LM,LM,LM,LM,LM,UM,UM,UM,UM,UM,UM,UM,UM,UM,UM,UM,UM,UM,UM,UM,UM,UM,UM,UM,H,H,H,UM,H,H,H,H,H,H
PER,LM,LM,LM,LM,LM,LM,LM,LM,LM,LM,LM,LM,LM,LM,LM,LM,LM,UM,UM,UM,UM,UM,UM,UM,UM,UM,UM,UM,UM,UM,UM,UM,UM,UM,UM,UM
PHL,LM,LM,LM,LM,LM,LM,LM,LM,LM,LM,LM,LM,LM,LM,LM,LM,LM,LM,LM,LM,LM,LM,LM,LM,LM,LM,LM,LM,LM,LM,LM,LM,LM,LM,UM,UM
PLW,,,,,,UM,UM,UM,UM,UM,UM,UM,UM,UM,UM,UM,UM,UM,UM,UM,UM,UM,UM,UM,UM,H,H,H,H,H,UM,UM,H,H,H,H
PNG,LM,LM,LM,LM,LM,LM,LM,LM,LM,LM,L,L,L,L,L,L,L,LM,LM,LM,LM,LM,LM,LM,LM,LM,LM,LM,LM,LM,LM,LM,LM,LM,LM,LM
POL,LM,LM,LM,LM,LM,UM,UM,UM,UM,UM,UM,UM,UM,UM,UM,UM,UM,UM,H,H,H,H,H,H,H,H,H,H,H,H,H,H,H,H,H,H
PRI,UM,UM,UM,UM,UM,UM,UM,UM,UM,UM,UM,H,H,H,H,H,H,H,H,H,H,H,H,H,H,H,H,H,H,H,H,H,H,H,H,H
PRT,UM,UM,UM,H,H,H,H,H,H,H,H,H,H,H,H,H,H,H,H,H,H,H,H,H,H,H,H,H,H,H,H,H,H,H,H,H
PRY,LM,LM,LM,LM,LM,LM,LM,LM,LM,LM,LM,LM,LM,LM,LM,LM,LM,LM,LM,LM,LM,LM,LM,UM,UM,UM,UM,UM,UM,UM,UM,UM,UM,UM,UM,UM
PSE,,,,LM,LM,LM,LM,LM,LM,LM,LM,LM,LM,LM,LM,LM,LM,LM,LM,LM,LM,LM,LM,LM,LM,LM,LM,LM,LM,LM,LM,UM,LM,LM,LM,LM
ROU,LM,LM,LM,LM,LM,LM,LM,LM,LM,LM,LM,LM,LM,LM,UM,UM,UM,UM,UM,UM,UM,UM,UM,UM,UM,UM,UM,UM,H,UM,H,H,H,H,H,H
RUS,UM,LM,LM,LM,LM,LM,LM,LM,LM,LM,LM,LM,LM,UM,UM,UM,UM,UM,UM,UM,UM,H,H,H,UM,UM,UM,UM,UM,UM,UM,UM,H,H,H,H
SAU,UM,UM,UM,UM,UM,UM,UM,UM,UM,UM,UM,UM,UM,H,H,H,H,H,H,H,H,H,H,H,H,H,H,H,H,H,H,H,H,H,H,H
SDN,L,L,L,L,L,L,L,L,L,L,L,L,L,L,L,L,LM,LM,LM,LM,LM,LM,LM,LM,LM,LM,LM,LM,L,L,L,L,L,L,L,L
SEN,LM,LM,LM,L,L,L,L,L,L,L,L,L,L,L,L,L,L,L,LM,LM,LM,LM,LM,LM,L,L,L,LM,LM,LM,LM,LM,LM,LM,LM,LM
SLB,L,LM,LM,LM,LM,LM,LM,L,L,L,L,L,L,L,L,L,L,LM,L,LM,LM,LM,LM,LM,LM,LM,LM,LM,LM,LM,LM,LM,LM,LM,LM,LM
SLV,LM,LM,LM,LM,LM,LM,LM,LM,LM,LM,LM,LM,LM,LM,LM,LM,LM,LM,LM,LM,LM,LM,LM,LM,LM,LM,LM,LM,LM,LM,LM,UM,UM,UM,UM,UM
SSD,,,,,,,,,,,,,,,,,,,,,LM,L,LM,L,L,L,L,L,L,L,L,L,L,L,L,L
STP,L,L,L,L,L,L,L,L,L,L,L,L,L,L,L,L,L,LM,LM,LM,LM,LM,LM,LM,LM,LM,LM,LM,LM,LM,LM,LM,LM,LM,LM,LM
SUR,UM,UM,LM,LM,LM,LM,LM,LM,LM,LM,LM,LM,LM,LM,LM,LM,UM,UM,UM,UM,UM,UM,UM,UM,UM,UM,UM,UM,UM,UM,UM,UM,UM,UM,UM,UM
SVK,,LM,LM,LM,LM,UM,UM,UM,UM,UM,UM,UM,UM,UM,UM,UM,H,H,H,H,H,H,H,H,H,H,H,H,H,H,H,H,H,H,H,H
SVN,,UM,UM,UM,UM,UM,H,H,H,H,H,H,H,H,H,H,H,H,H,H,H,H,H,H,H,H,H,H,H,H,H,H,H,H,H,H
SYC,UM,UM,UM,UM,UM,UM,UM,UM,UM,UM,UM,UM,UM,UM,UM,UM,UM,UM,UM,UM,UM,UM,UM,H,H,H,H,H,H,H,H,H,H,H,H,H
TGO,L,L,L,L,L,L,L,L,L,L,L,L,L,L,L,L,L,L,L,L,L,L,L,L,L,L,L,L,L,L,L,L,L,L,LM,LM
THA,LM,LM,LM,LM,LM,LM,LM,LM,LM,LM,LM,LM,LM,LM,LM,LM,LM,LM,LM,UM,UM,UM,UM,UM,UM,UM,UM,UM,UM,UM,UM,UM,UM,UM,UM,UM
TJK,LM,L,L,L,L,L,L,L,L,L,L,L,L,L,L,L,L,L,L,L,L,L,L,LM,LM,LM,L,L,L,LM,LM,LM,LM,LM,LM,LM
TKM,LM,LM,LM,LM,LM,LM,L,L,L,LM,LM,LM,LM,LM,LM,LM,LM,LM,LM,LM,UM,UM,UM,UM,UM,UM,UM,UM,UM,UM,UM,UM,UM,UM,UM,UM
TLS,,,,,,,,,,,L,L,L,L,L,L,LM,LM,LM,LM,LM,LM,LM,LM,LM,LM,LM,LM,LM,LM,LM,LM,LM,LM,LM,LM
TON,LM,LM,LM,LM,LM,LM,LM,LM,LM,LM,LM,LM,LM,LM,LM,LM,LM,LM,LM,LM,LM,UM,UM,UM,LM,UM,UM,UM,UM,UM,UM,UM,UM,UM,UM,UM
TTO,UM,UM,UM,UM,UM,UM,UM,UM,UM,UM,UM,UM,UM,UM,UM,H,H,H,H,H,H,H,H,H,H,H,H,H,H,H,H,H,H,H,H,H
TUN,LM,LM,LM,LM,LM,LM,LM,LM,LM,LM,LM,LM,LM,LM,LM,LM,LM,LM,LM,UM,UM,UM,UM,UM,LM,LM,LM,LM,LM,LM,LM,LM,LM,LM,LM,LM
TUR,LM,LM,LM,LM,LM,LM,UM,UM,LM,UM,LM,LM,LM,UM,UM,UM,UM,UM,UM,UM,UM,UM,UM,UM,UM,UM,UM,UM,UM,UM,UM,UM,UM,UM,UM,UM
TUV,,,,,,,,,,,,,,,,,,,LM,LM,UM,UM,UM,UM,UM,UM,UM,UM,UM,UM,UM,UM,UM,UM,UM,UM
TZA,L,L,L,L,L,L,L,L,L,L,L,L,L,L,L,L,L,L,L,L,L,L,L,L,L,L,L,L,LM,LM,LM,LM,LM,LM,LM,LM
UKR,LM,LM,LM,LM,LM,LM,LM,LM,L,L,L,LM,LM,LM,LM,LM,LM,LM,LM,LM,LM,LM,LM,LM,LM,LM,LM,LM,LM,LM,LM,LM,UM,UM,UM,UM
URY,UM,UM,UM,UM,UM,UM,UM,UM,UM,UM,UM,UM,UM,UM,UM,UM,UM,UM,UM,UM,UM,H,H,H,H,H,H,H,H,H,H,H,H,H,H,H
UZB,LM,LM,LM,LM,LM,LM,LM,LM,L,L,L,L,L,L,L,L,L,L,LM,LM,LM,LM,LM,LM,LM,LM,LM,LM,LM,LM,LM,LM,LM,LM,LM,LM
VCT,LM,LM,LM,LM,LM,LM,LM,LM,LM,LM,LM,LM,UM,UM,UM,UM,UM,UM,UM,UM,UM,UM,UM,UM,UM,UM,UM,UM,UM,UM,UM,UM,UM,UM,UM,UM
VEN,UM,UM,UM,LM,LM,LM,UM,UM,UM,UM,UM,UM,UM,UM,UM,UM,UM,UM,UM,UM,UM,UM,UM,H,UM,UM,UM,UM,UM,,,,,,LM,LM
VNM,L,L,L,L,L,L,L,L,L,L,L,L,L,L,L,L,L,L,LM,LM,LM,LM,LM,LM,LM,LM,LM,LM,LM,LM,LM,LM,LM,LM,UM,UM
WSM,LM,LM,LM,LM,LM,LM,LM,LM,LM,LM,LM,LM,LM,LM,LM,LM,LM,LM,LM,LM,LM,LM,LM,LM,LM,UM,UM,UM,UM,LM,LM,LM,LM,UM,UM,UM
XKX,,,,,,,,,,,,,,,,,,LM,LM,LM,LM,LM,LM,LM,LM,LM,LM,UM,UM,UM,UM,UM,UM,UM,UM,UM
YEM,L,L,L,L,L,L,L,L,L,L,L,L,L,L,L,L,L,L,LM,LM,LM,LM,LM,LM,LM,LM,L,L,L,L,L,L,L,L,L,L
ZAF,UM,UM,UM,UM,UM,UM,UM,LM,UM,UM,LM,LM,LM,UM,UM,UM,UM,UM,UM,UM,UM,UM,UM,UM,UM,UM,UM,UM,UM,UM,UM,UM,UM,UM,UM,UM
ZMB,L,L,L,L,L,L,L,L,L,L,L,L,L,L,L,L,L,L,L,LM,LM,LM,LM,LM,LM,LM,LM,LM,LM,LM,L,LM,LM,LM,LM,LM
ZWE,L,L,L,L,L,L,L,L,L,L,L,L,L,L,L,L,L,L,L,L,L,L,L,L,L,L,L,LM,LM,LM,LM,LM,LM,LM,LM,LM
