Country Code,Indicator Code,2000,2001,2002,2003,2004,2005,2006,2007,2008,2009,2010,2011,2012,2013,2014,2015,2016,2017,2018,2019,2020,2021,2022,2023,2024,2025
ABW,AGEDEP,43.31798693,43.23083912,43.07802278,42.87533368,42.69130396,42.63696129,42.76850602,42.99176173,43.2605085,43.53544486,43.4533955,43.04777043,42.86498429,43.03852297,43.51535836,44.24778761,45.1551319,46.12500504,47.11667049,48.0999783,48.87846879,49.31994953,49.80107489,50.49975468,51.28952272,
AFE,AGEDEP,92.39795111,91.95507017,91.52700618,91.1357231,90.77287558,90.45395726,90.1559485,89.83145301,89.45567441,89.05269864,88.57257622,87.97720861,87.36077613,86.73709858,86.0934422,85.37869102,84.65201521,83.88053165,83.03409773,82.23609751,81.43377659,80.63433833,79.87946348,79.14751991,78.43805136,
AFG,AGEDEP,109.5860477,110.2193414,110.534611,110.5575396,110.285308,109.7285254,108.8891352,107.7372506,106.3343755,104.7994675,103.1444557,101.4583083,99.77313094,98.06355881,96.34639379,94.61323371,92.88987122,91.29361869,89.84960598,88.51202761,87.24781691,86.08346818,84.96248933,83.83617284,82.77684832,
AFW,AGEDEP,90.62906436,90.42243378,90.26683189,90.10975667,89.98031358,89.92596124,89.95971111,90.01565084,89.95822347,89.81649997,89.71124359,89.60345491,89.50260767,89.34868688,89.11755736,88.80857317,88.30343881,87.61882981,86.81180755,85.88616084,84.79886232,83.60965944,82.39347559,81.10228759,79.80233737,
AGO,AGEDEP,93.39505466,93.14260579,92.86898828,92.58015725,92.30377474,92.07169966,91.89664781,91.7757132,91.74374437,91.78354687,91.82838662,91.85690272,91.899377,91.94970355,92.05056189,92.1805019,92.18800411,92.07155429,91.90276941,91.64703963,91.3698275,91.03639831,90.58951186,90.05522528,89.40608064,
ALB,AGEDEP,58.59772903,57.8351706,56.73670221,55.61399781,54.52112291,53.44354077,52.41323532,51.4388392,50.47596292,49.46272901,48.40341392,47.39391652,46.63056142,46.22948913,46.09907972,46.0636825,46.04186419,46.17477818,46.50893245,47.04237531,47.68647127,48.44160172,49.25104634,50.02392582,50.97429383,
AND,AGEDEP,38.26092448,38.98984782,39.55640423,38.88033898,37.32678024,36.73065715,36.58909141,36.3435023,36.44311534,37.02651051,38.33496169,39.2481203,39.27276682,39.46177529,39.53712815,39.3616405,39.10387358,38.79835918,38.32563447,38.01230803,38.15390109,38.19592629,38.16870645,38.24846972,38.56495417,
ARB,AGEDEP,75.0620389,73.7283832,72.40171459,71.0991195,69.82773038,68.61031815,67.35543343,66.08120226,65.10219585,64.41059601,63.9926835,63.61704613,63.38897566,63.42028262,63.55837532,63.5340643,63.42272929,63.34581909,63.28168001,63.0627189,62.71499802,62.38669114,61.66623203,60.87368615,60.17767943,
ARE,AGEDEP,28.38947842,26.83214111,25.58071336,24.7137727,24.20340565,23.85084342,23.50120022,22.99348562,22.57225254,22.45720015,22.39292905,22.32541883,22.35112832,22.41632266,22.45733334,22.4526562,22.39338088,22.31315143,22.2647153,22.21562064,22.16525417,22.14127931,22.1229936,22.00266238,21.76996047,
ARG,AGEDEP,60.8399424,60.44208877,60.01001815,59.51577206,58.99088086,58.48853172,58.00035267,57.50504346,57.07418767,56.73568577,56.45214211,56.27395376,56.1467748,56.04870447,56.02564279,56.05228915,56.04617213,55.97280152,55.85292541,55.5931802,55.02079689,54.21952444,53.33854639,52.42433668,51.560957,
ARM,AGEDEP,54.81338861,52.48894837,51.07035314,50.0136226,48.99193064,47.81930747,46.48622315,45.13055402,44.02614313,43.29412919,42.91722367,42.85889529,43.10666536,43.59557353,44.22034733,45.007483,45.91308902,46.81888313,47.41273032,47.81075434,48.17548707,48.47599514,48.76019808,48.71296536,49.11988084,
ASM,AGEDEP,72.19698346,71.67574399,71.12097403,70.51869145,69.80365201,68.90811456,67.82971122,66.62113609,65.41139522,64.3520985,63.0731981,61.54140427,60.33721751,59.57805159,59.08536404,58.68319179,58.26542668,57.8470671,57.45569268,57.13391544,56.34032927,55.17937078,54.25015954,53.99397258,53.96898561,
ATG,AGEDEP,54.12723233,53.4690419,52.55673941,51.54197879,50.46543189,49.24265147,48.09017252,47.09959672,46.2576514,45.54996455,44.73527965,43.87707486,43.07732669,42.37167569,41.85150857,41.38269106,41.01945172,40.852263,40.68108677,40.60759026,40.78388694,41.08929799,41.44829057,41.75667259,42.01423595,
AUS,AGEDEP,49.45983715,49.28683546,49.07392787,48.84456173,48.64976507,48.47529979,48.3296764,48.21832327,48.12539033,48.14825717,48.36386111,48.76823832,49.32897269,49.92436731,50.4910609,51.06330103,51.60344557,52.04242149,52.44551517,52.91975843,53.60612464,54.25581576,54.58477184,54.83305016,55.21169219,
AUT,AGEDEP,48.1071502,47.66788899,47.21889279,46.85243014,46.97685411,47.5504023,48.03186413,48.21579739,48.21324696,48.25400046,48.10464257,47.88951521,48.01622948,48.30924803,48.56450701,48.7326907,48.95586275,49.31093457,49.68389606,50.06709987,50.51840768,51.11109499,51.82779871,52.59408377,53.45521492,
AZE,AGEDEP,55.93151382,53.84734003,51.78847556,49.80645837,48.02960129,46.41505227,44.87031157,43.3860991,41.86351904,40.38579548,39.27431123,38.70789751,38.81041962,39.54931003,40.44582305,41.33856307,42.26944994,42.96977434,43.12455003,43.21400029,43.41714935,43.4555528,43.52168401,43.58530627,43.61089091,
BDI,AGEDEP,102.6838674,100.4862597,98.41965177,96.42367798,94.22440228,92.71300656,91.90584507,91.4102335,90.64399223,89.85395435,90.00889409,91.00876956,92.15639285,93.38387195,94.62207065,97.11045921,99.94342961,101.0676534,100.4896673,98.99976731,97.5964621,96.00543201,94.07956024,91.84666618,89.50414668,
BEL,AGEDEP,52.46580014,52.54945607,52.52806542,52.48313904,52.4646246,52.33342221,51.96113191,51.56263261,51.41736769,51.494438,51.64736972,52.04180595,52.60451488,53.16027866,53.75271165,54.21858607,54.65329254,55.17678244,55.65472684,56.05633849,56.30961718,56.57984376,56.97816551,57.32180721,57.61486666,
BEN,AGEDEP,94.55610203,93.79645895,93.04211706,92.3298887,91.70587362,90.97284565,90.46407038,90.214722,89.81848444,89.20222448,88.54669567,88.06239865,87.66222,87.33529844,87.01721219,86.69087258,86.37031188,85.99758631,85.50699605,84.8779371,84.13882337,83.30426403,82.42570821,81.56778145,80.7358613,
BFA,AGEDEP,97.9986203,96.84423258,95.7119731,94.71290094,93.86408452,93.16594836,92.73954822,92.64938761,92.83321534,93.11161116,93.37035978,93.53701099,93.52856567,93.38071844,93.07707657,92.60164045,91.94921186,91.13887578,90.14768288,88.90006323,87.32057162,85.51438448,83.69849765,81.89081864,80.03031699,
BGD,AGEDEP,68.87351077,67.82979224,67.1451832,66.5127411,65.87312761,65.19106486,64.52403974,63.91228374,63.33568839,62.70319389,61.96868286,61.09795495,60.03983624,58.85760607,57.63639998,56.45765399,55.37187683,54.64363954,54.32737517,54.17518793,54.06798937,53.96059214,53.62221377,53.09581931,52.64237806,
BGR,AGEDEP,47.61821133,47.12010475,46.54618475,45.94580542,45.36605049,44.94247509,44.73863907,44.77511937,45.03734355,45.51204918,46.20763757,47.13337983,48.16634718,49.30865543,50.55792181,51.78454073,52.90748996,53.94363195,54.9714988,55.9246761,56.53995049,56.706635,56.82959075,57.16014518,57.49222554,
BHR,AGEDEP,47.06213412,45.25925503,42.43335398,39.52880584,37.0133996,34.92902284,33.19612792,31.73959724,30.49734629,29.34886289,29.086028,29.21957011,28.49440252,28.55973377,29.79575273,30.03479751,29.24200048,28.85171181,29.2252286,30.04737343,30.16339785,29.4587459,29.1621239,29.24882721,29.14921897,
BHS,AGEDEP,52.68994653,52.4953368,52.23453044,51.86311374,51.42992116,50.99869592,50.53082776,49.84944358,49.07504537,48.5416462,48.08107672,47.55464877,47.09103944,46.67822694,46.31606343,45.95333687,45.54282028,45.10631656,44.67751977,44.24623189,43.80898754,43.32846377,42.86376557,42.50308596,42.22429363,
BIH,AGEDEP,44.60514885,43.98294434,43.53144067,43.31115798,43.40693135,43.57492088,43.5084351,43.45977761,43.6036605,43.89354425,44.27895575,44.64575157,44.91814943,45.13631533,45.47391076,46.0547617,46.81550553,47.71352378,48.79812709,49.99195239,51.07123773,51.88255515,52.62459079,53.52102153,54.48324279,
BLR,AGEDEP,47.36111411,46.41012687,45.55159145,44.76783208,44.0220568,43.33712345,42.77255951,42.21465043,41.48495569,40.8605572,40.43681878,40.34676839,40.86312257,41.69028244,42.71756407,43.84910453,44.94476202,46.00965897,46.88669827,47.80955364,48.76653985,49.57261453,50.30053361,50.91436866,51.43207201,
BLZ,AGEDEP,78.14529851,76.86906737,75.67109489,74.4784432,73.2803541,72.10614395,70.92152683,69.70718204,68.47489151,67.19525501,65.36626424,63.16521514,61.18667759,59.36548069,57.65303356,56.03797463,54.39928199,52.9365964,51.89718678,51.03875107,50.10562379,49.06398109,47.75234524,46.70044784,46.20356998,
BMU,AGEDEP,42.87372331,43.36994809,43.81161768,44.19840976,44.53995101,44.75117718,44.8946179,44.4520862,43.56345822,42.8972866,43.05758222,43.91879686,44.72792596,45.26219582,45.50847458,45.79705484,46.42865385,47.24969312,48.01502644,48.92326991,49.9499243,51.00672709,52.13580827,53.3515051,54.67968507,
BOL,AGEDEP,76.33366491,75.68273551,74.83791796,73.82658365,72.72825539,71.58077688,70.43183202,69.3299621,68.28748995,67.29855659,66.35793519,65.44326682,64.55764224,63.66731188,62.72712137,61.8121002,60.97437114,60.19138095,59.43995528,58.71375803,57.91258899,57.0117014,56.19534865,55.50373717,54.86597814,
BRA,AGEDEP,53.93203413,52.81830173,51.75324971,50.75000139,49.83206027,49.01296994,48.26847113,47.58261245,46.92959227,46.30616746,45.71872567,45.16099944,44.64290094,44.17511735,43.81837033,43.59359344,43.43981091,43.37133009,43.43165223,43.5397483,43.58606703,43.64046984,43.79026299,44.02909476,44.32997639,
BRB,AGEDEP,49.616342,49.22126883,49.00297275,48.7596691,48.34889168,47.82204471,47.21787539,46.73416845,46.64171681,46.85449178,47.00952849,47.03862067,47.08525419,47.15147275,47.23070006,47.28800853,47.30181811,47.43746941,47.75585184,48.22627745,48.88113736,49.61660834,50.20510229,50.55805297,51.03814092,
BRN,AGEDEP,49.49097121,47.99350035,46.51040567,45.06189372,43.67117466,42.35241857,41.09817487,40.47687588,40.46139832,40.45462009,40.40891701,40.20191879,39.79504255,39.3225002,38.84320924,38.37786285,38.00622952,37.74049708,37.55282216,37.42875237,37.38714947,37.47995118,37.71006402,37.99864692,38.29947486,
BTN,AGEDEP,73.48298343,71.28363031,68.87786012,66.30033382,63.56587198,61.07337634,59.09131874,57.32371119,55.63338284,54.10461101,52.75716724,51.58891446,50.62304707,49.83617192,49.1110962,48.34136512,47.54873624,46.31882562,44.65309417,43.04411822,41.62592654,40.44343906,39.44021356,38.56216291,37.74786032,
BWA,AGEDEP,71.60093709,69.70410272,67.9250404,66.29077118,64.86542704,63.65372471,62.63976532,61.7737878,61.0149548,60.3740691,59.93296241,59.80504662,60.18823447,60.73925511,61.0233976,61.06008705,60.83657798,60.39227257,59.77944968,59.02123594,58.13953799,57.36752363,56.99423922,56.86498226,56.65514653,
CAF,AGEDEP,91.46129135,91.17136073,90.72020506,90.08207684,89.77653598,89.48390398,89.64441069,90.11277425,90.42941787,90.87642092,91.59104787,92.98220175,95.31768651,97.9595631,101.4546168,103.9170152,104.2122105,104.593669,104.9582451,104.9544762,104.5493315,105.0233755,105.5875593,105.1775624,104.7268498,
CAN,AGEDEP,46.50546817,46.04909939,45.61621329,45.22497565,44.82396633,44.41245305,44.10567014,43.97283413,43.97981018,44.06832963,44.24260347,44.61663929,45.23949936,45.98567192,46.76566503,47.58596316,48.38950826,49.09811431,49.73347951,50.41057292,51.19835048,52.03424854,52.64531693,53.05184551,53.63558435,
CEB,AGEDEP,46.5741028,45.87114906,45.20520088,44.57721195,44.02630536,43.59939876,43.29232619,43.10456471,43.07036632,43.13013492,43.37836815,43.90185904,44.53918218,45.26842871,46.16838749,47.1970122,48.31363195,49.50839127,50.71924651,51.93208389,53.04799305,53.84176788,54.3056473,54.69396363,55.11222179,
CHE,AGEDEP,48.60317053,48.27152493,47.79988776,47.50521464,47.25534196,47.04255627,46.890118,46.78475227,46.7146643,46.80409756,47.0257983,47.32106799,47.65531035,47.99640755,48.35248133,48.69388294,49.06411867,49.54162642,50.09373005,50.63277754,51.06523591,51.53130325,52.18171462,52.9575219,53.77486492,
CHI,AGEDEP,46.12273086,46.17212664,46.32860476,46.40675007,46.41237252,46.26236962,45.92267368,45.55354582,45.31467752,45.22898476,45.21876059,45.67196308,46.63079168,47.50715758,48.18868955,48.76359499,49.30034254,49.92199119,50.44920966,50.77463635,51.08015014,51.28428464,51.40984082,51.6540959,52.05480691,
CHL,AGEDEP,53.82390994,53.16281225,52.40799637,51.54824174,50.6197974,49.6636025,48.70800134,47.84828427,47.14141385,46.56312248,46.072055,45.6658086,45.39216446,45.26026439,45.25181205,45.32540587,45.35790539,45.24138774,45.07873012,44.98846262,45.01082268,45.03898191,45.04869133,45.09083475,45.14050852,
CHN,AGEDEP,46.11674052,44.96931365,43.53367413,42.09097884,40.69383682,39.24492386,38.20944139,37.70811379,37.40432649,37.25673499,37.24108329,37.36486663,37.71555632,38.23929717,38.87892493,39.60936132,40.44065578,41.51094494,42.54087269,43.38736337,44.09237484,44.48277019,44.72561282,44.7297141,44.24411429,
CIV,AGEDEP,94.05305709,94.19922743,94.34059287,94.47573367,94.57716084,94.60222895,94.55360185,94.43380259,92.46894943,89.072007,86.24733753,83.98256529,82.19969197,80.75907292,80.44127396,80.97406685,81.30619208,81.45821323,81.37020017,81.11439311,80.75565128,80.13930046,79.19700178,78.07747445,76.92954815,
CMR,AGEDEP,93.17379984,92.34897966,91.47318479,90.69035299,90.06519125,89.56635291,89.14183973,88.70664218,88.28829779,87.94344226,87.64995941,87.39238321,87.11522045,86.74010555,86.00433681,85.20322843,84.72873165,84.45293502,84.12266748,83.58064135,82.88431227,82.08936504,81.22958666,80.29516041,79.33046171,
COD,AGEDEP,94.64734693,94.82708582,95.06157172,95.39737869,95.65053343,95.74576018,95.8995825,96.20538695,96.54942259,96.80014181,96.75622591,96.51439431,96.43144244,96.45487492,96.48496669,96.52781872,96.19789361,95.7976313,95.94153874,96.35179732,96.61302061,96.72622995,96.76581216,96.68253412,96.49665666,
COG,AGEDEP,83.75601544,81.81977789,81.66288967,81.1364892,80.06975419,78.99311609,77.96213619,77.20614456,77.04382931,76.45012624,75.99792066,76.5415853,77.45552242,78.60547161,79.59841317,80.40087101,80.90041178,81.06104056,81.00465822,80.73334479,80.26258562,79.66609727,78.91098302,77.93058535,76.77648481,
COL,AGEDEP,58.81334501,58.04174401,57.25313772,56.45984885,55.62786292,54.73282193,53.78239606,52.79888667,51.81904536,50.85414823,49.92804496,49.07268653,48.27420671,47.4997949,46.80441743,46.19586785,45.56979695,44.83947584,44.08660221,43.49892568,43.12054711,42.88163493,42.77522578,42.80261985,42.96037698,
COM,AGEDEP,104.8816376,103.4853843,102.3565659,101.1224493,99.04300972,96.46078422,94.0210783,91.62853833,89.22201241,86.83028763,84.55962346,82.49505556,80.68293873,79.58155564,79.14409016,78.81067328,78.42235917,77.58723066,76.4719336,75.50375628,74.62811986,73.7911551,72.93243058,72.04093111,71.21398909,
CPV,AGEDEP,87.37372485,84.45619941,81.40597144,78.37027212,75.38204874,72.4718422,69.6582482,66.92402146,64.22792191,61.55928308,58.97315957,56.62710006,54.68367128,53.16954581,52.0485296,51.34823794,51.10404887,51.22761703,51.54372915,51.95207089,52.38821349,51.80973537,50.38323433,49.14325526,47.94102394,
CRI,AGEDEP,57.95461292,56.65630223,55.34831635,54.04729301,52.80590082,51.67642666,50.63804362,49.69260075,48.89493851,48.20664919,47.53810731,46.95967422,46.52990349,46.14781048,45.80561633,45.5365509,45.33931533,45.26174994,45.32568006,45.42234871,45.39401179,45.26977891,45.14147804,45.03225323,44.97885335,
CSS,AGEDEP,56.68416261,55.66409068,54.64556711,53.67378991,52.73548355,52.03785862,51.20080572,50.41431675,49.72408963,49.15543984,48.57803749,47.99930743,47.56552376,47.24691954,46.99931239,46.82519616,46.72340849,46.70837798,46.43173672,46.42545811,46.78926871,46.86811928,46.90360885,47.02108839,47.1877178,
CUB,AGEDEP,45.09557223,44.95485303,44.82771176,44.59693675,44.25270375,43.8987908,43.5772857,43.37475227,43.342913,43.4349353,43.59654049,43.79834945,44.06606212,44.35189093,44.55556092,44.71655421,44.85347384,44.9911055,45.25520436,45.60546287,45.93219069,46.00783143,46.09818406,46.43327112,46.76319277,
CUW,AGEDEP,55.46496638,55.3591852,54.6716945,53.48461046,52.29361963,51.19001856,50.25265689,49.47444877,48.83284362,48.32065618,48.01915152,47.65158486,47.48545384,47.76226933,48.12597976,48.55004325,48.94724567,49.21746907,45.84755925,44.16089807,45.44757201,45.52363667,45.73546885,46.03777148,46.43413764,
CYM,AGEDEP,33.627484,33.64014831,33.49032906,33.2423498,32.90352831,32.49044315,32.04391152,31.60111244,31.2102401,30.91985768,30.82875868,30.96707334,31.15115345,31.21630389,31.247682,31.27049704,31.27509518,31.31549496,31.39583541,31.46014762,31.43753827,31.76957053,32.43858221,33.04067469,33.66304641,
CYP,AGEDEP,47.54794653,46.55660155,45.81645782,45.14915837,44.32354563,43.38550827,42.40943906,41.48123919,40.66157065,39.9857916,39.47968558,39.22637509,39.22718796,39.34258365,39.53305577,39.82164314,40.20034271,40.61300105,41.02632113,41.46454896,41.96568832,42.53320667,43.08447585,43.63110176,44.27588595,
CZE,AGEDEP,43.31247781,42.58295727,41.89050866,41.23228448,40.70222367,40.38467143,40.25001966,40.36862816,40.82634927,41.59836849,42.57534017,43.8657197,45.47471109,47.07665119,48.59265862,50.08363708,51.60667754,53.13893655,54.5796532,55.90882203,56.97795955,57.74381826,57.39605883,56.78781597,56.84472656,
DEU,AGEDEP,47.30649082,47.78863052,48.20875252,48.65825289,49.29789267,50.04172343,50.84438221,51.46125035,51.81499877,52.15786378,52.11753022,51.74623518,51.58050627,51.61974906,51.83217322,52.12240699,52.58204586,53.2582531,53.87545525,54.53798686,55.2950666,56.23112721,57.16212274,57.99189539,58.99703995,
DJI,AGEDEP,74.61598493,73.33889171,72.21409275,71.87018046,71.97982351,71.80413722,71.04928623,69.95118311,68.82791461,67.73339369,66.75288871,65.8080485,64.89425755,63.94770049,62.89307257,61.70075865,60.37244195,58.95998879,57.53865781,56.20398893,54.99946005,53.93828728,53.02374967,52.23109069,51.56300049,
DMA,AGEDEP,66.22267511,65.03854799,63.49092474,61.92377667,60.47876195,59.09175076,57.70702973,56.30832104,54.97186586,53.82416011,52.92145062,51.53503478,50.21733461,48.39293316,46.62666167,45.60663399,45.59583325,46.01986868,45.5869477,45.26000428,44.99399193,44.7922951,44.67103981,44.62153993,44.57134122,
DNK,AGEDEP,49.96444407,50.28954129,50.57488649,50.83980001,51.04839091,51.1905549,51.3208674,51.4818852,51.74914418,52.18902638,52.78751191,53.51763108,54.23692955,54.75767796,55.09942376,55.32686516,55.56316592,55.88981621,56.23146253,56.59996434,57.00376476,57.28726847,57.32428855,57.39885117,57.63535573,
DOM,AGEDEP,65.57911666,64.83765813,64.07957833,63.22960003,62.23309847,61.12516839,59.97022602,58.83117127,57.78540753,56.87030342,56.08479863,55.40601016,54.86557156,54.47577165,54.10881782,53.69033669,53.29847803,53.00409977,52.82550027,52.73428195,52.65440583,52.59197721,52.62304887,52.65977605,52.57421559,
DZA,AGEDEP,61.52108925,58.8828884,56.45534532,54.28873168,52.4454103,50.94310351,49.7732744,48.88882144,48.26905048,47.91518885,47.82363516,47.99799688,48.49542836,49.42683661,50.69559579,52.06274862,53.43550117,54.82956595,56.15008588,57.26780869,58.06915491,58.55634731,58.80112722,58.77099848,58.50678342,
EAP,AGEDEP,49.98328456,48.9169996,47.68749739,46.46652538,45.27871671,44.06108013,43.13686353,42.59036632,42.19197562,41.90880703,41.72522616,41.65796922,41.76553075,42.01427655,42.36759927,42.7880858,43.28020033,43.94803333,44.59752259,45.12322325,45.5320192,45.69607821,45.76521736,45.69814605,45.31394385,
EAR,AGEDEP,68.88781924,67.82239956,66.83389214,65.86603793,64.86803461,63.88387094,62.91545353,61.96316766,61.08307159,60.263096,59.47240556,58.73224593,58.05483109,57.42178193,56.82923595,56.24832455,55.69019466,55.17143093,54.70153122,54.26159968,53.77844268,53.24559782,52.73654122,52.2880415,51.84083644,
EAS,AGEDEP,49.36580709,48.47795278,47.43974535,46.39606734,45.38329856,44.35984596,43.59937367,43.16933379,42.86773901,42.65318775,42.50404734,42.48872739,42.67954277,43.01264011,43.43476097,43.90270616,44.42162772,45.09025952,45.7331041,46.25555765,46.68339033,46.89426002,46.98952423,46.95209478,46.65185544,
ECA,AGEDEP,55.55725395,54.34826759,53.27897452,52.38800626,51.59670729,50.81817339,50.0461789,49.33456151,48.56869329,47.82439958,47.20783626,46.75643609,46.62837055,46.69113075,46.92963009,47.3694604,47.92074452,48.52971435,49.12235159,49.82532729,50.57706932,51.18928945,51.69473211,52.09399676,52.31321819,
ECS,AGEDEP,49.78524307,49.26414285,48.83583421,48.51990031,48.29166438,48.09646236,47.91080207,47.70869462,47.50530038,47.39530036,47.35727784,47.52217652,47.99573886,48.57090104,49.24209639,49.96763587,50.68275521,51.41164658,52.08160429,52.75142258,53.38808034,53.90457849,54.37158131,54.82634598,55.25454878,
ECU,AGEDEP,66.93487107,66.20094875,65.47452378,64.73163168,63.94462889,63.11102739,62.23895991,61.35722165,60.5461379,59.84435558,59.17367586,58.48603304,57.78895374,57.05802018,56.29126189,55.49201028,54.62593208,53.74041652,52.89576124,52.13079373,51.41332241,50.70912097,50.07610782,49.47140737,48.80918455,
EGY,AGEDEP,69.39345498,67.94024225,66.5601462,65.20380924,63.91170377,62.78035684,61.88387044,61.26571548,60.90755683,60.75953658,60.81639188,60.90621336,61.04069373,61.26146321,61.54196141,61.97786562,62.33535021,62.52503992,62.48360244,62.16820594,61.72155271,61.11556545,60.46147253,59.75667104,59.01019546,
EMU,AGEDEP,48.78709138,49.04022209,49.24347969,49.37325496,49.54487166,49.80698847,50.08021192,50.24893618,50.43755813,50.78592602,51.09719732,51.46451726,52.01906814,52.62290816,53.2553794,53.81041257,54.29814037,54.81000731,55.25938586,55.67467594,56.06843416,56.49537812,56.92369182,57.32475776,57.84410532,
ERI,AGEDEP,93.81575259,92.98604822,91.19114105,88.60241986,86.34909023,86.28269832,87.1369487,87.94907492,87.15523841,86.34635487,85.98047864,85.28404183,84.80559737,84.46056702,84.77089391,85.31523113,85.33136893,84.88977678,83.62201491,82.01251093,80.15980408,78.17203352,76.42003691,74.91202463,73.43013676,
ESP,AGEDEP,45.69551417,45.92264799,45.96974133,45.68590258,45.22068441,45.03603129,45.09378232,44.9846417,45.19881787,45.84982782,46.65770708,47.44404224,48.18443001,49.08231306,49.94056367,50.463152,50.7968795,51.08798643,51.21278723,51.12731348,50.96418707,50.87894374,51.02069588,51.31422284,51.66955198,
EST,AGEDEP,48.42168786,48.01634016,47.69671927,47.36278539,47.05633485,46.90510089,47.1420674,47.5473866,47.7747962,48.07855121,48.53614131,49.26376746,50.27238159,51.37107129,52.54790966,53.61717831,54.6487233,55.62496456,56.34614361,57.06354993,57.82449318,58.2662362,58.38619375,58.43434787,58.56634792,
ETH,AGEDEP,101.4643001,101.7541153,101.6743907,101.3407397,100.8653262,100.2747203,99.50057796,98.45154801,97.17303467,95.68891586,93.99875555,92.16596171,90.23613195,88.27615482,86.33465986,84.45717951,82.66224258,80.98542606,79.51791957,78.24976702,77.05321019,75.92750654,74.91758522,74.02486572,73.27989517,
EUU,AGEDEP,48.44181903,48.47755987,48.48832071,48.45197821,48.46419908,48.57014008,48.7120432,48.809938,48.96499906,49.26638897,49.5887721,50.01431035,50.6127497,51.26422197,51.9661444,52.62720548,53.24471395,53.88858688,54.48794513,55.06205584,55.60244149,56.09881169,56.51568814,56.89761233,57.3787465,
FCS,AGEDEP,85.59240812,85.35182618,85.19323941,85.07340465,84.89658598,84.70313084,84.47820661,84.18000793,83.90833078,83.67805379,83.4068739,83.14677089,82.97110595,82.83677041,82.68850353,82.45651129,82.05294866,81.55473571,81.00525512,80.39897623,79.7130285,78.96207255,78.2493864,77.46002001,76.58746341,
FIN,AGEDEP,49.41024879,49.43060632,49.50996556,49.64105476,49.85393451,49.91522772,50.14922922,50.29369773,50.22583074,50.47840558,51.09506448,52.22569399,53.59209987,55.02822388,56.4163038,57.64433315,58.65911997,59.60346397,60.47413776,61.12788228,61.68415125,62.1515552,62.46878837,62.63571879,62.68207945,
FJI,AGEDEP,60.65725672,59.65498126,58.77428667,57.98452044,57.277893,56.63514008,56.05763703,55.55062752,55.13017108,54.78134175,54.44625963,54.10891733,53.82227983,53.64962525,53.55888919,53.4676359,53.33386715,53.13968354,52.86766458,52.53935199,52.18936762,51.77225354,51.3123919,50.89411964,50.55763046,
FRA,AGEDEP,53.69197196,53.82635442,53.8550812,53.77827557,53.73053969,53.7054008,53.60949221,53.61805246,53.8644416,54.24469582,54.59154856,55.27640536,56.29346427,57.16792247,58.06263676,58.97389113,59.66234973,60.26134917,60.82497868,61.33933363,61.77721561,62.06394357,62.36076266,62.69136,63.00365578,
FRO,AGEDEP,59.47716975,59.06067738,58.70184732,58.30916282,57.55641669,56.78067758,56.30254818,56.26473723,56.72962066,57.28884591,57.60373142,57.98672134,58.5755098,59.375,60.52771148,61.18069748,61.47492818,61.96501194,62.19585891,62.2372584,62.43626588,62.4958078,61.88331382,60.9852071,60.52430719,
FSM,AGEDEP,77.06785929,75.59893107,74.35034731,73.26060456,72.10228496,70.78562122,69.34923912,67.75060304,66.16989795,64.75696299,63.74571755,63.20598888,62.69226129,62.07521998,61.52711342,61.07505852,60.86571787,60.85008228,60.82439531,60.87673231,60.77345664,60.71181755,60.87068817,60.92758759,60.76461897,
GAB,AGEDEP,84.32029316,82.91728706,81.48021727,80.02268595,78.5698674,77.13460945,75.72926497,74.38099133,73.13117864,72.0433392,71.14858733,70.41447789,69.76040914,69.13889473,68.63501377,68.34690041,68.29442426,68.42281161,68.62938196,68.82836684,68.95058217,68.96935874,68.87657943,68.64549539,68.25695357,
GBR,AGEDEP,53.43148587,52.88233278,52.49643016,52.35729295,52.21578634,51.82757156,51.40084829,51.15618621,51.19472266,51.44068526,51.73802316,52.28144451,53.22979209,54.15481216,54.84385954,55.40156159,55.92459265,56.47995952,57.00444496,57.43102136,57.65938086,57.61296084,57.62819234,57.84639733,57.93999124,
GEO,AGEDEP,53.39295288,52.65325415,52.09053453,51.89123369,51.65118237,51.13184223,50.5376974,49.77980166,48.91611133,48.17069689,47.72215699,47.623756,47.85752068,48.39755885,49.32596007,50.52082407,51.75154225,52.90557268,53.99809163,55.05710189,55.97662728,56.64700453,56.9467003,57.12962626,57.32285239,
GHA,AGEDEP,83.17998751,82.03178988,80.82698385,79.71652715,78.67727179,77.71925782,76.84252368,75.97297006,75.13077603,74.39787973,73.87642029,73.54861446,73.29017349,73.03647546,72.7330535,72.31164507,71.73132577,71.00074085,70.22201277,69.45619261,68.61462281,67.73640843,66.91880695,66.14258126,65.36158573,
GIB,AGEDEP,52.21379917,51.70030715,51.53264006,51.99978497,52.40420338,52.71784667,52.41283411,51.54545455,50.8107304,50.53233053,51.24878993,52.17245025,52.73472891,53.42044217,54.22541831,54.99159507,55.43548536,55.56464068,55.51490273,55.30080945,55.00278528,54.7875021,54.68904245,54.47098976,54.47154472,
GIN,AGEDEP,95.48916404,96.90098532,97.66405433,97.18582583,96.79285053,96.60843661,96.25965924,95.51577365,94.61235772,93.70128721,92.78869432,91.80095252,90.77540548,89.8424961,88.93308829,87.99464729,87.12317395,86.34511295,85.56930184,84.71626173,83.78652795,82.81851601,81.8207432,80.77951401,79.71478343,
GMB,AGEDEP,99.42574184,98.67744169,97.80388217,96.82347393,95.76688783,94.65192312,93.52150623,92.40711845,91.30048618,90.21783213,89.2340785,88.42396208,87.77781658,87.17218726,86.48318701,85.75542896,85.00430559,84.184311,83.27048992,82.28103927,81.19329456,80.00272519,78.808221,77.64734778,76.44849823,
GNB,AGEDEP,93.20178252,92.16206375,91.19057117,90.29263781,89.41116203,88.62310194,87.95948913,87.31500702,86.6437802,85.94069393,85.24374379,84.59453658,83.97914018,83.36904906,82.73212241,82.02806345,81.25448958,80.36317235,79.35004819,78.29098721,77.18057192,76.02152091,74.8100197,73.56566891,72.34774997,
GNQ,AGEDEP,85.39568725,83.5995289,81.50608124,79.34755938,77.35395033,75.78618453,74.61285517,73.66051449,72.86459554,72.1762768,71.58216597,71.25687808,71.15549763,71.096275,71.13000021,71.20485616,71.25146903,71.24193465,71.08796664,70.72569129,70.58440035,70.52083535,70.20012042,69.80165671,69.41497052,
GRC,AGEDEP,48.91606034,49.25752778,49.60123567,49.81394017,49.923739,49.97786637,49.96525874,49.9217314,50.02891464,50.41427172,51.03713477,51.87156568,52.81100017,53.73203445,54.52210404,55.19246383,55.85158019,56.43663225,56.90006045,57.28972865,57.6385194,58.38234388,58.92292981,58.90624511,59.13220605,
GRD,AGEDEP,70.66550191,68.94458525,66.07531329,63.29729,60.69585924,58.34403544,56.27305749,54.49411502,52.99449526,51.73344971,50.69617945,49.97925839,49.48371618,49.02434541,48.55071521,48.0008776,47.64671181,47.40652774,47.1427663,46.98688296,46.81237696,46.61875204,46.5020112,46.44827198,46.37027786,
GRL,AGEDEP,47.03881081,46.45798156,45.78074288,45.10982127,44.46870636,43.8344744,43.21570012,42.6679448,42.25213395,41.92768048,41.52001402,41.08573271,40.7756164,40.57141435,40.48112195,40.50277931,40.6031031,40.80312829,41.13260782,41.66393711,42.28342084,42.91516359,43.63940577,44.76464448,46.22449767,
GTM,AGEDEP,90.76306413,90.01033916,89.00238234,87.72626988,86.25068931,84.65983278,82.9981312,81.28684868,79.53682011,77.7631319,75.98815378,74.24991716,72.59727324,71.03816123,69.58718174,68.24840824,66.95572288,65.72087674,64.58006776,63.45028547,62.20545384,60.88326201,59.60143184,58.40954175,57.29814639,
GUM,AGEDEP,55.01762609,55.31572816,55.50988733,55.52854364,55.30399992,54.84366315,54.23965117,53.56532243,52.94552034,52.53114014,52.27792308,52.10100918,52.04903422,52.15210994,52.43455353,52.9035967,53.54618549,54.3640003,55.34960561,56.48137403,57.72590215,59.00690486,60.33001699,61.64689436,62.82608696,
GUY,AGEDEP,67.87209945,67.78755196,67.49340358,66.93062896,66.09219816,65.01302256,63.71152656,62.31746679,60.95480034,59.60447601,58.2842693,57.07380945,56.2223027,55.72943702,55.39887628,55.24252617,55.25599837,55.43574776,54.30242305,53.97204858,54.96147462,55.09169714,55.34092735,55.76998841,55.99533752,
HIC,AGEDEP,48.17298109,47.97228881,47.79622063,47.64074865,47.5253383,47.44844864,47.40069148,47.38054967,47.4134283,47.50821679,47.607202,47.89079157,48.46627014,49.12502808,49.81258656,50.46152468,51.0678533,51.70668038,52.31812511,52.87599688,53.3922761,53.86141415,54.18658737,54.51983132,54.93038307,
HKG,AGEDEP,39.06563335,38.67664113,38.44636473,38.08173343,37.48092626,36.71244416,35.93031715,35.32617064,34.87927493,34.48355138,34.09698731,33.9176148,34.25131156,34.96159303,35.85207598,36.84312466,37.9119774,39.12858894,40.40215989,41.71432066,43.06646844,44.58701192,46.1893957,47.80715423,49.64452936,
HND,AGEDEP,85.34978865,84.13071169,82.80494719,81.38020628,79.8958826,78.33946132,76.69684756,74.99599074,73.27037497,71.54570451,69.83278352,68.15564164,66.55634993,65.03701195,63.57952596,62.16575156,60.82062699,59.59199428,58.50714638,57.55252512,56.6772345,55.87477698,55.16632019,54.5329302,53.93834022,
HPC,AGEDEP,95.58102392,95.36213654,95.12446373,94.83748664,94.52018892,94.21623443,93.92791817,93.58232935,93.08966306,92.51138673,91.92086212,91.27275286,90.61970519,89.95999887,89.24677181,88.50205982,87.66232635,86.75865024,85.92340322,85.15362958,84.33827959,83.47304793,82.61199826,81.73858551,80.89188468,
HRV,AGEDEP,48.88295352,49.35654967,49.64494677,49.79264883,49.84678001,49.96139754,49.97839639,50.01581874,50.07901452,49.94841713,49.63584103,49.45444833,49.60360226,49.89407387,50.4049904,51.1801169,52.0598914,53.15396809,54.40417476,55.56263683,56.53849769,57.43250236,58.19189035,58.61412578,59.01028825,
HTI,AGEDEP,78.64833039,77.67019503,76.58097646,75.41173608,74.15478794,72.84219855,71.5666152,70.36359565,69.24179794,68.20489666,67.11318625,66.05010658,65.11326585,64.18774755,63.28434494,62.40340399,61.58771047,60.85913946,60.17124695,59.49667008,58.81890473,58.12088297,57.41391713,56.71610657,55.99129554,
HUN,AGEDEP,46.5134969,46.07969475,45.74841954,45.52609579,45.28827598,45.11497126,44.9804922,44.95785448,45.05488154,45.24082443,45.34743917,45.49213713,45.91831932,46.55185646,47.3832345,48.25169704,49.14196899,49.95950668,50.77444017,51.86615485,53.01828545,53.77584557,54.22137831,54.57034805,54.78576511,
IBD,AGEDEP,56.59217162,55.55177448,54.48072304,53.44986758,52.44426949,51.44150842,50.58009252,49.89964743,49.30871152,48.79634371,48.3561729,48.02023223,47.8204165,47.70938535,47.68147708,47.72163386,47.8074149,47.96927703,48.12408083,48.23690228,48.26957879,48.14194157,47.99094114,47.81816058,47.50508528,
IBT,AGEDEP,63.25017356,62.3654077,61.48897369,60.65166715,59.82303096,58.99965007,58.29211407,57.71798285,57.21743964,56.78785115,56.41324949,56.11746029,55.93219702,55.82300831,55.77002614,55.74917841,55.73432222,55.7638116,55.7876028,55.77693485,55.69684114,55.49226819,55.26802007,55.0179223,54.65717185,
IDA,AGEDEP,86.6497839,86.01739913,85.50262193,85.00756867,84.46129089,83.91411938,83.3753068,82.79181983,82.23737353,81.73716181,81.23871764,80.75232577,80.32958967,79.98701508,79.61146557,79.15229669,78.57560613,77.95120461,77.31697924,76.66262362,75.95907355,75.22202311,74.48170008,73.72147023,72.95039365,
IDB,AGEDEP,87.15192627,86.31442921,85.6445342,85.01994957,84.29657146,83.58245123,82.94028356,82.28611851,81.66096487,81.12650239,80.6852398,80.35472772,80.12762086,79.93822691,79.71259176,79.43618833,79.05302728,78.51847455,77.86896192,77.16262057,76.33543057,75.40872769,74.50587357,73.60721573,72.59191058,
IDN,AGEDEP,55.80089071,55.11314054,54.51557415,53.92727,53.35400322,52.88157358,52.48460884,52.13119026,51.7963916,51.43121848,51.06590393,50.72511477,50.39506252,50.04391433,49.68398051,49.35964379,49.08062418,48.81331766,48.55728556,48.31873105,48.02167984,47.62798101,47.27265769,47.02245688,46.81355501,
IDX,AGEDEP,86.38207303,85.85853582,85.42664029,85.00093469,84.5497331,84.09252168,83.60962967,83.06498978,82.54987238,82.06938042,81.54080905,80.96977941,80.4401224,80.01373628,79.55609059,78.99700245,78.31509788,77.64249912,77.01740331,76.39216264,75.75613092,75.12158829,74.46872611,73.78259382,73.14150221,
IMN,AGEDEP,53.53193044,52.99789937,52.82914384,52.66802285,52.36695545,51.92785357,51.56674721,51.4416886,51.48476454,51.70843241,52.0622949,52.82718151,54.05341225,55.22451389,56.16820864,57.09426445,57.84039334,58.26944555,58.55942786,58.71377531,58.74310749,58.73138694,58.93454236,59.32607667,59.68237705,
IND,AGEDEP,66.56581294,65.6393614,64.73522141,63.83605379,62.88270394,61.90817091,60.90247285,59.87806455,58.88782844,57.91646978,56.94352994,55.98767627,55.06007807,54.13783766,53.24210902,52.39770582,51.57689373,50.76720335,50.03079002,49.37813139,48.72592536,48.04057662,47.46370596,47.01321811,46.56399731,
INX,AGEDEP,,,,,,,,,,,,,,,,,,,,,,,,,,
IRL,AGEDEP,49.18559368,48.28963679,47.56126577,47.15419315,46.8096917,46.24045375,45.46998382,45.09139988,45.55784632,46.6772507,48.07486489,49.41734828,50.53694781,51.39799874,52.04645738,52.50467378,52.77743651,52.94159765,53.02875603,53.0371687,53.05355717,53.04482352,52.94664069,52.80881098,52.54962296,
IRN,AGEDEP,60.64925815,56.3422902,52.83710035,49.82937001,47.07656497,44.79197483,42.9687321,41.63665253,40.75848326,40.25893865,40.06296288,40.08857273,40.26752818,40.61070063,41.20914549,42.04071827,42.89344774,43.67052198,44.33837503,44.77869478,44.93492162,44.83428858,44.61365762,44.41448105,44.25764759,
IRQ,AGEDEP,87.815498,87.11769858,86.38375682,85.61495892,84.8012279,83.88749657,82.93110757,81.98497514,81.03063045,80.11484774,79.34520966,78.82691844,78.40843761,77.95954947,77.43227329,76.745769,75.94115139,75.05990776,74.10652932,73.09514193,71.98405107,70.77458191,69.44745288,68.03361996,66.65482446,
ISL,AGEDEP,53.5109699,53.33143217,53.12591535,52.69209065,52.07039284,51.02376311,49.60356154,48.47364258,48.07934538,48.59106305,49.39849024,49.88934987,50.32247178,50.74075109,51.0724108,51.22210997,51.07891311,50.55042372,49.92434096,49.6379022,49.90714227,50.35882367,50.35167058,50.15983024,50.16881588,
ISR,AGEDEP,61.36537822,60.93549034,60.78260259,60.83692808,60.86951283,60.79653241,60.67858724,60.52998303,60.40610697,60.51870949,60.95140275,61.65011823,62.55026719,63.34616944,63.9784018,64.63840984,65.32542082,65.95137162,66.4016569,66.69434473,66.90961729,67.06102271,66.96322617,66.75093665,66.56104642,
ITA,AGEDEP,48.12944463,48.70751759,49.3473808,49.86291526,50.33720348,50.94991372,51.56151685,51.90292804,52.04706581,52.32755133,52.66012782,53.1271378,53.7707897,54.43637544,55.0998998,55.60664253,55.91976901,56.12998478,56.30790262,56.56328473,56.75260914,56.92835478,57.03263588,57.14182384,57.52268871,
JAM,AGEDEP,64.74749561,63.06611549,61.45280943,59.90940993,58.44176866,56.99051946,55.46365382,53.84964256,52.22036374,50.63512331,49.10285537,47.62189461,46.19675812,44.85302841,43.57628548,42.46717193,41.54347558,40.66244777,39.81010277,39.03574693,38.32456936,37.66507834,37.20614424,36.97934881,36.82136305,
JOR,AGEDEP,74.6577652,74.17509131,73.58527015,72.92133529,72.0805558,71.11186914,69.97430566,68.74515093,67.52903832,66.34295976,65.15076793,64.01543149,62.99723852,62.30849546,62.06031712,61.62348089,60.95829892,60.33881284,59.64008329,58.8802727,58.0792661,57.2273523,56.23816547,55.1554978,54.30097416,
JPN,AGEDEP,46.67558355,47.60585312,48.53444826,49.34828018,50.29324835,51.59385324,53.01465218,54.37021995,55.72901097,56.78668825,57.40335954,58.58475378,60.53624633,62.60730222,64.46533808,66.0229942,67.3227876,68.30951862,69.02295373,69.47811026,69.89156911,70.25699363,70.24633317,70.10013993,70.11684038,
KAZ,AGEDEP,52.27574131,50.88929021,49.71527501,48.79287164,48.14390171,47.68838571,47.35700268,47.11172725,46.93565844,46.77078775,46.79149679,47.29187021,48.26661234,49.53098727,50.9797084,52.52076056,54.03187466,55.41480331,56.52356262,57.46559121,58.37651632,59.38483032,60.2870919,60.89393575,61.35932845,
KEN,AGEDEP,93.44353904,91.9471681,90.52932312,89.25894521,88.05968055,87.04866941,86.23728747,85.63220105,85.14106337,84.67126948,84.22010544,83.69550849,83.01057066,82.12674764,81.12149994,79.99241248,78.63644141,77.16038262,75.73642302,74.26394057,72.6322381,70.95791674,69.30547895,67.67393734,66.1190998,
KGZ,AGEDEP,68.20067763,66.4224942,64.6293986,62.9832483,61.50086877,60.10196629,58.64858604,57.0648841,55.3380271,53.83069511,53.14173875,53.40572453,54.44047358,55.67414424,56.90696686,58.15015692,59.06394639,59.48827767,59.95202492,60.72774401,61.35205165,61.5982159,61.60688945,61.54751587,61.35148075,
KHM,AGEDEP,83.03106069,79.95025898,77.08383699,74.38405577,71.76646443,69.29303114,66.80513865,64.32963394,62.14261164,60.41696606,59.11587357,58.15219563,57.6022595,57.39275677,57.37156683,57.47628923,57.63372085,57.76071925,57.77880091,57.72056691,57.52134836,57.17339097,56.79233771,56.42534737,56.14473015,
KIR,AGEDEP,77.14805486,75.89960277,74.62997312,73.26685311,72.00730384,70.89093033,69.84275234,68.95484341,68.29382509,67.75703143,67.25750862,66.57934752,65.72061103,64.88224559,64.12164855,63.53315041,63.28505079,63.37716319,63.6835331,64.01212346,64.23073417,64.26578974,64.19043065,64.06085589,63.74879792,
KNA,AGEDEP,58.89314183,57.36588721,55.42571515,53.41373468,51.54440154,49.83866804,48.40662843,47.31895029,46.46922692,45.60238346,44.3591877,43.07598413,42.05503035,41.06875262,40.11664237,39.37250259,38.99140807,38.91874336,39.0810379,39.41859429,39.8645221,40.21889055,40.47819549,40.90826905,41.67069925,
KOR,AGEDEP,39.02626833,39.28245643,39.44414962,39.52927577,39.52591763,39.36356101,39.11496842,38.82938448,38.43541789,38.03386191,37.70390748,37.25475742,36.78287959,36.53429309,36.47204105,36.46012675,36.46006547,36.77931322,37.29962953,37.88138825,38.76713269,39.78121628,40.64481147,41.45440258,42.53468665,
KWT,AGEDEP,44.75516086,42.7214965,40.81691246,39.07341517,37.47222447,36.24124733,35.45736218,34.82081947,34.18855889,33.53006701,32.99931814,32.17224674,31.59803378,31.68571214,31.84489107,31.9540907,32.00882631,32.10247289,32.13507039,32.24224866,32.65308522,30.73916534,28.14348052,27.47883241,27.10299124,
LAC,AGEDEP,61.21500599,60.32475969,59.44746797,58.57764889,57.71463975,56.86647936,56.03564789,55.22078366,54.42581193,53.66723714,52.95128367,52.29469408,51.70806894,51.1716882,50.69758245,50.28019106,49.87922377,49.49825744,49.16393078,48.87290901,48.55668118,48.21755984,47.94822397,47.76764042,47.63626166,
LAO,AGEDEP,87.23729708,86.04798952,84.67186606,83.14856517,81.53378656,79.59645955,76.94073411,73.98274604,71.29068418,68.91320768,66.87015034,65.10608748,63.56196458,62.1659309,60.85148555,59.65485804,58.63482429,57.80226832,57.10924776,56.49036221,55.88120278,55.25181364,54.64079543,54.06692842,53.5253967,
LBN,AGEDEP,58.77511083,57.6232605,56.46764486,55.25207706,53.94835762,52.61298701,51.35977812,50.22840736,49.22864184,48.41096168,47.82858966,47.44836578,47.20646728,47.09081675,47.07758397,48.33645821,50.87212951,53.35923125,55.74444573,57.94793977,58.90738871,58.48888315,57.97499565,57.5802354,57.04758929,
LBR,AGEDEP,85.73954115,85.58027494,85.49700816,85.50589159,85.61927637,85.84860248,86.17913323,86.54006793,86.56166295,86.44612937,86.38451538,84.93879227,83.89293354,84.14057702,84.10398061,83.76962256,83.31569795,82.88699642,82.32735559,81.57805966,80.49924638,79.17582818,77.73554874,76.28704357,74.93098214,
LBY,AGEDEP,55.37571486,54.86880555,54.50382514,54.23121787,54.07905643,54.02142809,53.56223571,52.81641342,52.19724965,51.69188755,51.38317065,53.61247788,55.98679572,55.51427449,55.18274847,55.04785918,54.81294064,54.31678087,53.5606314,52.69048987,51.76643298,50.78777548,49.8326471,48.8966237,47.99823068,
LCA,AGEDEP,63.11302613,61.30483803,59.50149,57.68106968,55.81708648,53.94564216,52.1127532,50.35581766,48.81080414,47.56973704,46.32112464,44.92433317,43.63696892,42.5435351,41.54257567,40.58079347,39.72539536,39.05422029,38.5420906,38.12996626,37.82252016,37.52561436,37.33369181,37.30317976,37.27594187,
LCN,AGEDEP,60.9350982,60.0609923,59.19581663,58.3345396,57.47803073,56.64020996,55.82227839,55.02551708,54.25481434,53.52389159,52.83259371,52.19711833,51.63324633,51.12207034,50.67314824,50.28154069,49.91303078,49.5891222,49.33705812,49.12425352,48.85755164,48.53864391,48.26738355,48.07351309,47.9267218,
LDC,AGEDEP,88.09008418,87.66974088,87.33787541,86.99715251,86.6214163,86.23283571,85.84953565,85.43094744,84.9655029,84.4817549,83.95231471,83.34919525,82.73668051,82.12230042,81.48868157,80.83011082,80.12872373,79.47544468,78.89927207,78.33816591,77.74452427,77.13942637,76.51746836,75.86468025,75.23807774,
LIC,AGEDEP,93.9954312,93.73382919,93.51711613,93.30286533,93.01456801,92.70390021,92.33538807,91.85713368,91.4630933,91.14788755,90.77372602,90.37596419,90.11961082,90.0773041,90.02402159,89.75711572,89.1819304,88.44571277,87.6215741,86.75324746,85.93329034,85.14130657,84.31674253,83.40269553,82.5373027,
LIE,AGEDEP,40.56579401,40.49181022,40.70238443,40.73508156,40.71320616,40.78755469,40.91292982,41.14233109,41.5579233,42.25671642,42.73091096,43.06764903,43.59356026,44.20962333,44.97333904,45.64170292,46.43578195,47.3051104,48.20010075,49.09336942,49.76899977,50.54366619,51.59296791,52.69591876,53.81982736,
LKA,AGEDEP,49.7157016,49.01985143,48.54481848,48.26696929,48.1075839,48.05777707,48.10686183,48.22794495,48.40972708,48.639674,48.91315395,49.23949407,49.58600291,49.96845453,50.39382292,50.79186587,51.1118502,51.33805762,51.48991061,51.58393848,51.63729748,51.65677982,51.68231906,51.74503338,51.82392028,
LMC,AGEDEP,72.06654191,71.12572867,70.27200885,69.44155449,68.57409769,67.70380475,66.84905411,66.00984447,65.22366681,64.4914643,63.79177753,63.13465421,62.52460295,61.94201134,61.3830204,60.84617842,60.30091602,59.7641587,59.2632894,58.77819801,58.23962803,57.64155595,57.08761722,56.58252159,56.04658158,
LMY,AGEDEP,63.50815035,62.59494537,61.68454595,60.80785424,59.93555021,59.0682389,58.32594842,57.73112579,57.22284789,56.79363788,56.41922792,56.11207661,55.90693786,55.77862996,55.70177437,55.6528042,55.61011362,55.61197322,55.6075565,55.5666786,55.45967076,55.23416446,54.99234906,54.72195141,54.33354831,
LSO,AGEDEP,78.9987959,77.52191017,76.12142061,74.80235153,73.64626949,72.66027032,71.65521453,70.65920634,69.90738021,69.33857422,68.85107794,68.4840104,68.21573511,68.07841842,68.13732028,68.14168695,67.93449172,67.49009824,66.87004467,66.25523074,65.64818135,64.96804647,64.17582781,63.26652851,62.2736686,
LTE,AGEDEP,48.20416541,47.08948257,45.84526428,44.64833917,43.50876732,42.34427517,41.43804666,40.86584302,40.42199117,40.0978982,39.90218005,39.86846675,40.05549314,40.40634719,40.89665347,41.48894149,42.15515081,42.98013488,43.77620388,44.45617863,45.03487835,45.38042662,45.61593521,45.72750133,45.54515237,
LTU,AGEDEP,51.04519872,50.53331315,49.97880823,49.4729821,49.20176423,48.99930266,48.72389527,48.31940623,47.95569422,47.76356268,48.21835931,48.85872718,49.06562819,49.26791303,49.67476431,50.36191911,51.32689281,52.46970064,53.32182912,53.76880271,53.9636321,53.98120236,53.63283257,53.24101967,53.54490863,
LUX,AGEDEP,49.20013952,48.94295285,48.99866087,48.83520134,48.64141368,48.4273639,48.06877171,47.68015704,47.21300017,46.75422692,46.30298203,45.59708326,44.99392384,44.80062466,44.65925756,44.41962531,44.0799897,43.86285725,43.8270057,43.86308897,44.0085434,44.19753086,44.34437443,44.77254312,45.46228039,
LVA,AGEDEP,48.493272,47.77830188,47.17439943,46.73103378,46.41989494,46.19350331,46.16551866,46.23830931,46.55738521,47.28069699,47.99852676,48.62434508,49.34036997,50.38158642,51.71704797,53.00224452,54.27578746,55.47984464,56.32563105,57.10283312,57.90309367,58.35371761,58.57350059,58.79103047,59.10681019,
MAC,AGEDEP,42.67741112,40.62505064,38.36069092,36.01145489,33.65313675,31.45803199,29.55480306,27.89664164,26.50054161,25.41345417,24.55177596,24.13886567,24.55859452,25.50949221,26.58124757,27.68340712,28.73047095,29.83658292,31.20342972,32.85910016,34.56075357,35.94750932,37.01955659,38.07207889,39.2342723,
MAF,AGEDEP,49.10771984,49.1622276,49.29145017,49.51308441,49.81708143,50.07077141,50.15813873,50.01273561,49.55704363,48.76309247,48.52307072,49.17702926,49.93162256,50.41402042,50.44389989,50.41661635,50.56093313,50.34282916,51.41271443,57.10618008,60.0584118,58.61302276,59.51157523,62.16773737,65.95109559,
MAR,AGEDEP,62.22768078,61.04190232,59.85930063,58.68123795,57.44967322,56.191649,55.0741291,54.15730611,53.40003415,52.79541558,52.36219,52.06104362,51.79737856,51.53362696,51.3322746,51.21566027,51.1432,51.15561807,51.26650885,51.40456556,51.44553202,51.39070366,51.31823659,51.19658276,50.99253522,
MCO,AGEDEP,55.44805786,55.90524697,56.73402301,57.50705459,58.18929638,58.67487685,58.85034688,58.7721923,59.69101124,62.85412369,67.21121363,71.54841318,75.76079802,79.68773762,83.21923018,86.52694611,89.37207885,91.69676927,94.29648113,95.43566337,97.07877972,100.4161465,99.84599589,98.1586042,98.56592136,
MDA,AGEDEP,50.55624622,48.7709381,46.97373097,45.22772135,43.71074472,42.65761304,41.99195156,41.42012562,40.75333174,39.98416074,39.22761094,38.70217156,38.53681974,38.98635099,40.51782548,42.73696735,44.96176065,47.00794002,48.81569291,50.55906743,52.16889163,53.47705035,54.47054396,55.29620723,56.25059351,
MDG,AGEDEP,93.19789171,93.17766104,93.13536292,92.95648717,92.60131216,92.03435142,91.29081321,90.4683448,89.5836295,88.62591827,87.55146743,86.29496974,84.89192079,83.45021813,82.14379728,81.02741793,80.03258389,79.1610727,78.41462138,77.755685,77.12504526,76.49820946,75.85126544,75.15373007,74.40443792,
MDV,AGEDEP,78.43431276,74.17185963,70.15555893,66.420629,62.89126675,59.57433513,55.90742452,51.9067995,48.32643552,45.39852713,43.07831411,41.28148997,39.93343704,38.94117565,38.17262851,37.40985722,36.5731855,35.74168362,34.95829435,34.2339491,33.5342081,32.79425347,32.38710851,32.26497553,31.98241565,
MEA,AGEDEP,76.64925749,74.96068572,73.51538555,72.12509651,70.60549109,69.13506808,67.7321515,66.33871216,65.26380021,64.53770182,64.03061289,63.67982468,63.51755956,63.52430009,63.61838506,63.62399849,63.5611532,63.51751967,63.44053403,63.21358458,62.84474555,62.40857082,61.73593052,61.06063156,60.36692497,
MEX,AGEDEP,64.83747208,63.9944301,63.18096214,62.38401175,61.54799724,60.63449374,59.67320828,58.68885426,57.71940708,56.7944957,55.93212686,55.17943207,54.56321416,54.02748895,53.51313947,52.97209889,52.39685188,51.81825778,51.2690019,50.7872946,50.30897734,49.8060368,49.37990375,49.04155385,48.71671509,
MHL,AGEDEP,79.45850292,77.1352344,74.92686577,72.95441605,71.31185499,70.17802695,69.70329993,69.82148102,70.26965116,70.87110761,71.57315224,71.83196504,71.21166717,70.0704698,68.76567478,67.39503293,66.16397325,65.10769668,64.08797739,63.03115623,61.95532633,62.0582935,63.21319487,64.16913319,64.24478369,
MIC,AGEDEP,61.31799172,60.33145511,59.33520893,58.37089535,57.41776146,56.46825366,55.65215969,55.00276389,54.44146774,53.95844193,53.53934189,53.19548293,52.95370948,52.78145076,52.66700672,52.59876451,52.55996719,52.58176437,52.60193288,52.58416692,52.49008623,52.26483132,52.02562695,51.76300838,51.36728986,
MKD,AGEDEP,49.65358889,49.02538339,48.4950971,48.02578619,47.47052142,46.81736948,46.22051632,45.80264424,45.46511002,45.12094381,44.83377548,44.62111751,44.62857361,45.01334576,45.47765704,45.87878307,46.38658624,47.0672255,48.01068407,49.2556156,50.50732012,51.39219435,52.08300122,52.83406971,53.48598706,
MLI,AGEDEP,99.2877095,98.60953506,98.02296915,97.61967523,97.43348996,97.54181768,97.83384696,98.18547395,98.63047864,99.15966202,99.77460643,100.4485951,101.5200192,102.371895,102.5300256,102.5279199,102.3137808,101.8800933,101.280426,100.4165689,99.24265385,97.96636576,96.75853736,95.56274282,94.27396217,
MLT,AGEDEP,46.95642019,46.56692373,46.23543532,45.79779062,45.24013769,44.607055,43.85683457,43.00421217,42.44620588,42.70387899,43.46312256,44.33618469,45.45215289,46.70018682,47.67960808,48.27482618,48.83324928,48.90498384,48.25141618,47.35475419,46.69745814,47.05506725,48.13917099,49.14653298,49.79670622,
MMR,AGEDEP,58.22175396,57.2352074,56.44034153,55.76756172,55.08065146,54.33293246,53.5569486,52.77884383,51.93313934,51.09719094,50.35227498,49.61807139,48.90349098,48.23996037,47.71689309,47.3459615,47.03840893,46.75634722,46.53232582,46.39647205,46.31340948,46.24748422,46.21005695,46.20925422,46.20942504,
MNA,AGEDEP,77.84184486,76.16291364,74.76547882,73.43846912,71.97903053,70.57724788,69.26743925,67.9928354,67.03980447,66.41060737,65.91836871,65.65817306,65.61503119,65.74043724,65.91553947,66.03115953,66.03762539,65.9530679,65.75030076,65.43484461,65.03384302,64.49768076,63.89423671,63.27114105,62.6000386,
MNE,AGEDEP,49.3198597,49.23342653,49.24268566,49.36510918,49.59756294,49.78918902,49.76136557,49.48785165,49.13619937,48.77356266,48.24597093,47.77578206,47.7143448,47.93877022,48.48443009,49.31718056,50.10261223,50.89721338,51.84535208,52.94828213,54.03279333,54.79770275,55.32112034,55.76036751,56.14957727,
MNG,AGEDEP,62.87968945,60.05560815,57.28688464,54.67400509,52.31492192,50.30141383,48.69169142,47.50201537,46.73624126,46.41013979,46.49487117,46.64872626,46.89408302,47.58606821,48.68041753,50.08250694,51.72629246,53.51270109,55.41209634,57.42882594,58.9121466,59.63138545,60.00287038,60.00276695,59.56841053,
MNP,AGEDEP,32.63995343,33.75831267,35.26027952,36.58113948,37.75288161,38.76574532,39.59191185,40.27989337,40.90236686,41.52874063,41.93387562,41.97409889,41.95354791,42.02988289,42.19375937,42.38253179,42.54190179,42.57705479,42.44499913,42.09081247,42.2227542,43.17496114,44.35915912,45.60232221,46.52855914,
MOZ,AGEDEP,91.41800591,91.68176061,91.9062035,92.07403068,92.2241426,92.35462896,92.46807351,92.64903022,92.99536543,93.50101595,94.02616589,94.33214858,94.41040586,94.38788203,94.21613641,93.92931108,93.60719825,93.24235441,92.92531999,92.66215627,92.29102802,91.82819326,91.3012311,90.55471753,89.51178279,
MRT,AGEDEP,89.74152896,89.4823325,89.63049593,89.7159656,89.79794645,89.9065929,90.04479232,90.17649247,90.07053451,89.918463,90.15086051,90.77317137,91.6641952,92.03107821,91.79488662,91.52144256,91.19077828,90.78737268,90.29207436,89.69161634,88.94983032,88.09592951,87.12865093,86.05140747,84.97835464,
MUS,AGEDEP,46.41323509,46.01080904,45.56315622,45.03719252,44.42851516,43.71410084,42.84713789,41.87456366,40.92115413,40.10451999,39.43665584,38.86838814,38.51390177,38.43886014,38.40671002,38.39234836,38.46247398,38.51073965,38.49318082,38.44102189,38.41941088,38.47282668,38.64102319,39.01596965,39.54160441,
MWI,AGEDEP,97.94242743,98.37849946,98.81227463,99.17710263,99.52433016,99.90131064,100.2098315,100.3548771,100.1897277,99.79020056,99.29857855,98.70568782,97.94545731,96.91409626,95.64323297,94.17068159,92.46984297,90.61647119,88.69265626,86.68507703,84.589443,82.45041038,80.33175204,78.28060629,76.34094498,
MYS,AGEDEP,61.40638882,60.29885385,59.19952533,58.05359755,56.80824755,55.48572546,54.16585673,52.87741812,51.57031069,50.21718773,49.00803015,48.14651988,47.5176972,46.95750139,46.45299873,46.03908559,45.73408854,45.4951519,45.22751885,44.8360878,44.27086495,43.57890183,42.89656248,42.3268043,41.89276586,
NAC,AGEDEP,49.68821638,49.28497142,48.89390882,48.51509386,48.13589144,47.73278138,47.43889055,47.39890229,47.5297894,47.69896537,47.84875334,48.12414809,48.619485,49.14894359,49.63957862,50.10045473,50.54747672,51.01998043,51.49488599,51.98392524,52.44609337,52.85665257,53.30097821,53.81757974,54.36014387,
NAM,AGEDEP,80.7235309,79.94441925,78.89362475,77.56607338,76.02643004,74.16135526,72.17505102,70.45948737,69.06117912,68.00530528,67.34021155,67.07149051,67.02738617,66.96709518,66.8472386,66.78292229,66.91271416,67.27642398,67.75449127,68.19915129,68.67585018,69.20492802,69.48035,69.10032752,68.49965606,
NCL,AGEDEP,54.15198375,54.18805271,54.02103699,53.60522319,53.0939532,52.5299746,51.89975946,51.42318772,51.11388939,50.79751221,50.37452645,49.97833683,49.70872074,49.54621086,49.43408859,49.2486652,48.9630198,48.68850224,48.45700343,48.34113555,48.2739909,48.23190063,48.26879283,48.40470193,48.65939894,
NER,AGEDEP,98.30209358,99.16483956,100.097836,101.0888068,102.1260215,103.1617977,104.1626859,105.116179,105.9909201,106.7539666,107.3583308,107.7489472,107.7793082,107.5872434,107.2901293,106.7655087,106.0637829,105.2923428,104.4113486,103.388518,102.2065583,100.8761781,99.51073629,98.16404172,96.83256723,
NGA,AGEDEP,87.88035377,87.86609902,87.98875662,88.20164666,88.43230643,88.70136027,89.0370331,89.37174791,89.70108507,90.01512868,90.23498843,90.34938991,90.37799633,90.297275,90.09294012,89.72062637,89.06228546,88.12557569,87.05628285,85.87943186,84.52583731,83.10000832,81.68728785,80.24640634,78.77097445,
NIC,AGEDEP,78.0454267,76.26274034,74.49102778,72.75013808,71.08395973,69.46872504,67.95976544,66.57807339,65.26254866,64.03000595,62.88949026,61.80633684,60.79238632,59.89431845,59.11809665,58.42279918,57.77825313,57.18887583,56.61665274,56.0113131,55.23885595,54.36483885,53.57752903,52.86583694,52.18955093,
NLD,AGEDEP,47.59972577,47.72345845,47.77800787,47.88372081,48.0486896,48.16872596,48.21366283,48.25413523,48.38349032,48.63787332,48.93908406,49.63220919,50.64603514,51.42895917,52.01496119,52.42726222,52.69726724,52.98408925,53.25957644,53.51250129,53.82237353,54.19912524,54.44559637,54.62649086,55.09099423,
NOR,AGEDEP,54.24902241,53.94260087,53.56446147,53.15501024,52.7570832,52.32209862,51.79583234,51.26844217,50.92175905,50.89570699,51.03827692,51.22307465,51.44406157,51.67160183,51.88885679,52.10445668,52.41618596,52.81872178,53.19602768,53.45068464,53.70240368,53.99426029,54.12189437,53.94233829,53.7846036,
NPL,AGEDEP,81.04457,80.40713979,79.58783467,78.6140023,77.52929883,76.3566959,75.09654213,73.74127929,72.21031476,70.51315905,68.72306733,67.11041033,65.88470378,64.88843912,63.87310734,62.67738482,61.6232359,60.89356768,60.17890037,58.70018401,56.65268307,54.97098902,54.1657821,54.02201337,53.68685548,
NRU,AGEDEP,68.12169312,66.88632619,65.74058853,64.40594868,62.87240933,61.41365462,60.18518519,59.27515498,58.88236228,59.24630307,60.38007027,62.21686747,63.89465283,64.80727045,65.41422852,65.94455386,66.15499255,65.96804925,65.42231191,65.65627681,66.9582676,68.06372901,68.80274639,69.08728464,68.433667,
NZL,AGEDEP,52.71729664,52.48488807,51.96515558,51.34933616,50.8477366,50.5037483,50.36864501,50.44299796,50.60470984,50.83013364,51.16239073,51.63804718,52.24257411,52.7030093,52.75434706,52.5174781,52.30755263,52.25783494,52.37108575,52.59659518,52.9981293,53.6270313,54.05147237,54.25744618,54.59399167,
OED,AGEDEP,50.815519,50.66655783,50.51932955,50.35909189,50.22151642,50.11694242,50.04623228,50.01896442,50.05643271,50.13195132,50.18238398,50.37961614,50.80786531,51.28780249,51.73798721,52.12879264,52.48848937,52.85136149,53.18458547,53.5203735,53.85832612,54.15384313,54.38849015,54.6272178,54.9293928,
OMN,AGEDEP,64.25771578,62.21007672,60.13028905,58.04103137,55.62313748,52.93091443,50.39182806,48.17107585,46.36874248,45.03856302,43.92026113,39.10248672,34.00906338,32.49457344,32.8126488,33.02053908,32.76990456,33.032246,34.16663019,36.232582,39.20442426,41.49617195,40.60427821,38.67358872,37.66316023,
OSS,AGEDEP,64.63036823,63.68795359,62.8461543,62.02390889,61.13980923,60.323743,59.6077025,58.84878703,58.05250358,57.35092393,56.76614175,56.28066993,55.91614188,55.65502284,55.41269095,55.13683687,54.86265773,54.5089415,54.05458338,53.62126867,53.25090491,52.87682026,52.49200719,52.21044599,51.95452073,
PAK,AGEDEP,87.82656636,86.57736222,85.54495289,84.44008644,83.00376288,81.49892194,80.10002498,78.61639017,77.30591468,76.32437086,75.53642343,75.01003804,74.73984359,74.62024865,74.42561724,74.16181092,73.91387839,73.5768238,73.1024168,72.63145849,72.06516828,71.34395013,70.71097945,70.16738625,69.39264314,
PAN,AGEDEP,59.54519823,58.85447098,58.22356063,57.65524297,57.14557773,56.66729245,56.22832781,55.84908415,55.52062666,55.23446428,54.97877044,54.76450567,54.58356978,54.40752168,54.24994739,54.10489392,53.94937241,53.78892228,53.62428083,53.40209084,53.10020587,52.79291304,52.52350876,52.28326293,52.08668945,
PER,AGEDEP,64.00290735,62.98403924,62.05886405,61.23609773,60.51957338,59.92184646,59.42132817,58.99087795,58.48618122,57.91505407,57.40651106,56.97325554,56.60783055,56.26907283,55.92605264,55.52499618,55.03152264,54.43427985,53.57029596,52.70588643,52.02596794,51.27323457,50.54756096,50.03915044,49.69730107,
PHL,AGEDEP,72.93687661,71.84302009,70.8905082,69.88427428,68.86017019,67.85577975,67.01349617,66.20811327,65.45789599,64.73220633,63.79436777,62.9060289,62.0255492,61.18352463,60.45793862,59.52119855,58.40312413,57.3664779,56.49511422,55.74582653,54.81786577,53.59656857,52.37474069,51.21665819,50.06002729,
PLW,AGEDEP,41.51416765,41.32768568,41.65153606,42.02731017,42.29305765,41.82767998,40.54228535,39.33160098,38.43856966,37.7180714,37.18120805,36.93100053,36.85386334,37.24529476,38.08558734,38.62235744,38.85464617,39.16712243,39.54563259,39.9512502,40.373994,40.82521581,41.23588357,41.62339219,42.01444623,
PNG,AGEDEP,73.89315163,73.32784463,72.70737921,72.03717511,71.30868395,70.5944059,69.93197402,69.27163819,68.59092947,67.90260231,67.23238736,66.59403891,65.96032711,65.32089409,64.67709368,64.03958678,63.40394884,62.74736899,62.08357286,61.42775977,60.7966355,60.20045026,59.64787298,59.11541281,58.5895021,
POL,AGEDEP,46.38352212,45.35587779,44.483613,43.66092466,42.92863189,42.28298733,41.67015692,41.11824199,40.70894194,40.24614351,40.14272584,40.60388675,41.1812977,41.91879944,42.80603569,43.83625216,45.02804168,46.3552257,47.76125344,49.21084894,50.52270641,51.50903475,52.30661795,53.04017108,53.72597351,
PRE,AGEDEP,93.86890665,93.66046828,93.50954529,93.3600404,93.18412988,93.03003166,92.93610909,92.83858718,92.63573163,92.37751538,92.10511849,91.77384161,91.43283267,91.05818858,90.63770099,90.14008337,89.47360955,88.69057289,87.85344235,86.97533523,86.01440101,84.99793731,83.96482676,82.88399168,81.80488055,
PRI,AGEDEP,54.43698636,54.47952408,54.5935115,54.72231141,54.831153,54.93201637,55.06100013,55.2275607,55.39683386,55.55770891,55.25351226,54.3995415,53.59090364,53.06221199,52.83017983,52.85648686,53.09537582,54.35788847,55.49694009,55.5573506,55.84096727,56.32808712,56.69850301,56.85931978,57.10266201,
PRK,AGEDEP,46.98985179,47.09472369,47.16047387,47.27033344,47.38069169,47.32586193,47.14128889,46.88530341,46.59011859,46.2442425,45.86356973,45.51833121,45.21533855,44.91670056,44.61839966,44.4304104,44.01232826,43.37107867,42.9880557,42.9458247,43.19932701,43.55422003,44.12725994,44.94689107,45.65999413,
PRT,AGEDEP,48.18711626,48.37933842,48.700367,49.0173223,49.3734964,49.68035565,49.84858188,49.9501563,50.133494,50.45682682,50.84059353,51.31816266,51.84756387,52.45202204,53.06845185,53.54617462,54.10641668,54.77870596,55.40009568,56.05976909,56.7408063,57.32262048,57.95349406,58.74315546,59.57125603,
PRY,AGEDEP,75.37099272,73.85183239,72.41544518,70.79612505,68.99513575,67.2726815,65.63625931,64.08584645,62.65783484,61.34664072,60.08545003,58.8837421,57.80759862,56.88585082,56.13521164,55.55977346,55.15097556,54.88997433,54.73685224,54.63127829,54.52201921,54.34356482,54.21947161,54.20266587,54.14395379,
PSE,AGEDEP,98.92658825,97.685307,96.26753988,94.61806369,92.78827769,90.80921016,88.72733458,86.60779797,84.54175874,82.68093544,81.15100155,79.90729853,78.86578363,77.93729892,77.10793727,76.45985356,75.92427875,75.6896464,75.67735808,75.52321045,75.0766806,74.38882863,73.58927216,72.92871518,72.07214915,
PSS,AGEDEP,73.03462323,72.07036075,71.13848031,70.22933379,69.43069207,68.71058933,68.06385044,67.47940609,66.99623979,66.63759279,66.36975271,66.16201792,65.9436618,65.75348433,65.63907558,65.52974288,65.43519884,65.37555255,65.27769044,65.13446278,64.89198201,64.56312311,64.22428456,63.81218612,63.29403931,
PST,AGEDEP,48.31206606,48.28524511,48.27021233,48.25075033,48.25582817,48.29888498,48.38571639,48.53143723,48.74085283,49.00659801,49.2268147,49.59269548,50.25333662,50.97850561,51.68050544,52.32643713,52.9101146,53.49105024,54.01680329,54.49867197,54.96483381,55.39380858,55.76999672,56.14592803,56.57494874,
PYF,AGEDEP,56.97220263,55.46822753,54.00656365,52.7841361,51.77838862,50.84020669,49.95470989,49.13798894,48.39457024,47.78633908,47.33781297,47.01878544,46.79094369,46.54895581,46.25508001,45.90454887,45.5128272,45.19276128,44.69345965,44.10903438,43.91252133,43.90542466,43.85736275,43.79952223,43.73068253,
QAT,AGEDEP,32.83678303,31.89202335,31.12597556,30.46491623,30.47964851,31.03399008,27.08422327,21.12245685,18.43548803,17.55246707,17.30275745,17.77624586,18.37825913,18.6697215,18.29248314,17.64649505,17.35505985,17.45307197,17.78445642,18.66305699,19.968511,20.26000138,19.96035529,20.09512544,20.11516307,
ROU,AGEDEP,47.30287,46.81374861,46.20235438,45.59908217,45.0713375,44.72350139,44.69249901,44.86597337,45.17080399,45.65584864,46.1712167,46.68498937,47.08592119,47.39623024,48.04602318,48.95726018,49.89067228,50.91286702,51.9746077,53.01833196,54.11942312,54.85863181,55.11361032,55.3509301,55.51317055,
RUS,AGEDEP,43.56528233,42.36684052,41.5231777,41.11189116,40.93314605,40.75830022,40.54292878,40.20342769,39.6340465,39.06013827,38.64252114,38.83243151,39.71220766,40.78404179,42.12362581,43.65604004,45.08652193,46.41090817,47.52907347,48.5943755,49.56780052,50.27172331,50.97725203,51.79026945,52.56884042,
RWA,AGEDEP,94.45366796,90.52385073,87.75738418,85.98807207,84.80001861,84.07305896,83.70180054,83.5241261,83.33333645,82.94290827,82.31726841,81.57303159,80.83603115,80.15807888,79.53575626,78.92238195,78.2448735,77.48195335,76.58392851,75.49984979,74.31404186,73.14797504,72.05251226,71.09580257,70.31964845,
SAS,AGEDEP,66.84731978,65.91569191,65.04282728,64.18003525,63.26887651,62.33429812,61.37357606,60.40103617,59.45855906,58.52327554,57.57420669,56.62957906,55.69729808,54.76406257,53.84736086,52.9766228,52.13736904,51.3486657,50.66505362,50.05822877,49.4468705,48.81326338,48.26571525,47.81977182,47.37882569,
SAU,AGEDEP,68.11301987,66.43980359,64.05347926,61.18994438,58.08393667,54.94563723,51.94488358,49.20421862,46.78025893,44.68256784,42.90056145,41.40894939,40.17033284,39.14072856,38.28159193,37.54541868,37.22910957,37.82853645,38.97228202,39.27822047,38.91497587,38.55220775,37.64060205,36.83062614,36.55498414,
SDN,AGEDEP,95.15176333,94.58923985,94.05897379,93.67001793,93.26286516,92.73829246,92.14842459,91.44614282,90.62227859,89.76343024,89.39246743,89.42484687,89.18433217,88.6212642,87.47358536,85.98776381,84.63986518,82.90964536,81.33425774,80.49850493,79.93332782,79.316293,78.68924507,78.12958069,77.85070218,
SEN,AGEDEP,89.30440997,88.61707041,87.81042551,87.14428376,86.77781177,86.44836999,86.17299604,85.9870663,85.89798025,85.91604882,86.0160132,86.11195127,86.19269542,86.08064623,85.58240222,84.8018051,83.8342155,82.66347493,81.2850927,79.75922286,78.12145584,76.38359142,74.59227094,73.07022808,71.82156284,
SGP,AGEDEP,33.40537028,33.1856644,33.14136648,33.04025519,32.66478728,32.06628079,31.16953829,29.87289515,28.63033328,27.87340475,27.34103356,26.94964787,26.87346869,27.01923111,27.31243163,27.6825612,28.15440009,28.84746865,29.55554999,30.18820507,31.16384295,32.32249265,32.79540851,33.12537724,33.94480024,
SLB,AGEDEP,86.14643423,84.98191883,83.90520085,82.95328775,82.16085513,81.54145638,81.09594592,80.80062465,80.62217773,80.47970852,80.12125964,79.53459226,78.90134019,78.24678827,77.58369556,76.90890277,76.20961735,75.45907244,74.61886058,73.78210024,72.79548804,71.66039384,70.56561417,69.46149642,68.37612635,
SLE,AGEDEP,90.04389782,90.06960865,90.04523071,89.93904195,89.71079977,89.37216159,88.97710152,88.52525458,88.01531624,87.46507655,86.8705891,86.17918029,85.3632167,84.34718956,83.10942119,81.77700772,80.42937482,79.07173305,77.72985237,76.48061769,75.29125828,74.08519046,72.86567938,71.63961275,70.44900635,
SLV,AGEDEP,71.70872159,71.36700856,71.00218829,70.57063231,70.11862491,69.67109577,69.24409531,68.27952804,66.66957843,64.93682757,63.19231188,61.49822144,59.86140062,58.28464859,56.82380543,55.540933,54.42487155,53.49280427,52.77220147,52.20977845,51.61406342,50.96228538,50.32777205,49.72460658,49.15297433,
SMR,AGEDEP,43.7791727,44.20890447,44.65901915,45.1592722,45.58888944,45.97583052,46.40345346,46.86838266,47.36107233,47.78974657,48.22240043,48.54956965,48.92320014,49.45944723,49.91965474,50.17346846,50.17921147,50.0332668,49.99131039,49.99134574,50.03236246,50.61782683,51.66464483,52.38973897,53.06333904,
SOM,AGEDEP,99.83294337,100.1874453,100.5828626,101.052399,101.7368484,102.8892225,104.4497025,105.5967301,105.6817703,105.2101503,104.5737201,102.7880828,101.0425977,100.5503075,100.2653241,100.0558715,99.88391784,99.50445643,99.00663377,98.63276328,98.2939485,97.97094871,97.48507372,97.01824305,96.79157434,
SRB,AGEDEP,48.07990589,48.15181259,48.21920304,48.28373159,48.27862921,48.19633427,48.01908143,47.75094276,47.40204227,47.0426889,46.70716381,46.53255458,46.84530761,47.61529882,48.60990802,49.7570563,50.87213497,51.98432198,53.26653141,54.60179087,55.84060682,56.7307893,57.31255833,57.94954578,58.72277165,
SSA,AGEDEP,90.61440307,90.19144631,89.84206614,89.54484644,89.29557621,89.12305197,89.02563743,88.95232931,88.8209045,88.65718893,88.48273248,88.24755331,88.0132741,87.75339788,87.4434249,87.0438648,86.53862082,85.90892212,85.14860656,84.34350737,83.4547784,82.51470947,81.58044991,80.61489058,79.64415012,
SSD,AGEDEP,91.99497245,92.17343888,92.96811355,93.74234678,93.24059905,91.68443734,89.90684084,88.03262781,86.29437292,84.90577134,82.87886422,80.89041528,80.09484069,79.94496069,81.89330679,83.8812631,86.09535416,90.7313831,90.37132181,85.82985045,82.21452345,79.84369204,77.5880127,74.71500002,72.14413087,
SSF,AGEDEP,91.6838561,91.33556318,91.01701501,90.72003326,90.45139636,90.23956078,90.07619094,89.90637529,89.66020995,89.36366451,89.03630522,88.64004976,88.23421834,87.80200057,87.32674768,86.7774988,86.14145786,85.40526868,84.57307932,83.72059674,82.79985481,81.84014035,80.8967338,79.93787139,78.98941514,
SST,AGEDEP,63.7262413,62.77348541,61.88728626,61.02483638,60.14528203,59.40432206,58.67782602,57.94384391,57.22167242,56.60517859,56.07282362,55.6125872,55.26201549,55.00693303,54.79087087,54.57213903,54.37320401,54.14938742,53.78894652,53.49695266,53.32281705,53.06862653,52.79568608,52.59705567,52.41183145,
STP,AGEDEP,88.78940814,87.47038256,86.83266039,86.22347059,85.75164015,85.36157428,85.05893526,84.90177492,84.81735524,84.66530303,84.32541493,83.8218112,83.67170836,83.82712642,83.78103226,83.45866728,82.82098461,81.91166777,80.8091322,79.51862975,77.85593927,76.00786627,74.32213835,72.85346351,71.61020036,
SUR,AGEDEP,59.86664475,58.98088548,58.36270104,57.98333484,57.74301175,57.55042974,57.42210575,57.32828476,57.18477905,56.95434609,56.60896954,56.12536732,55.52588587,54.83958747,54.11404526,53.40287485,52.74469396,52.18532522,51.74265856,51.36782976,51.09561458,50.84516945,50.62676148,50.52958115,50.46282132,
SVK,AGEDEP,44.97049459,43.74736931,42.61083685,41.60069591,40.75052379,40.06094811,39.45038466,38.95003264,38.60069604,38.54366754,38.71426127,38.99014033,39.46120662,40.11437141,40.89094922,41.80809868,42.99747119,44.39361637,45.80201305,47.1743767,48.40938138,49.45682713,50.46412768,51.41882075,52.20376855,
SVN,AGEDEP,42.56456866,42.42445908,42.25568693,42.01624581,41.93139151,42.0451213,42.22091827,42.46522059,43.00522973,43.57139539,43.89636224,44.45030827,45.37404246,46.44646125,47.60553863,48.90260393,50.21633622,51.54860783,52.78249262,53.7494552,54.46310889,55.26313464,56.19495565,56.89267618,57.44872962,
SWE,AGEDEP,55.51042093,55.01115542,54.52132439,54.05066587,53.6233711,53.11070242,52.56604163,52.28023543,52.37376939,52.8220133,53.56680263,54.55970288,55.67816199,56.84286503,57.93491024,58.83609815,59.48730807,59.94377469,60.31590152,60.58412395,60.76106783,60.89303123,60.85106598,60.73605566,60.59755788,
SWZ,AGEDEP,85.13895012,82.82267281,80.95670799,79.51552563,78.40743979,77.5516148,76.87013252,75.891508,74.44026472,72.95580456,71.69082215,70.65720532,69.82297876,69.04731272,68.15699007,67.1629718,66.25451611,65.44082986,64.59115096,63.7013214,62.76301479,61.83288424,61.20084957,60.81274994,60.29297963,
SXM,AGEDEP,40.77310156,40.58382138,40.00814001,39.33638749,38.71744364,38.23034798,38.04435741,38.04993054,38.05814728,38.00477996,37.88966868,37.66974689,37.39751285,37.28080251,37.34831461,37.58537123,38.07306332,38.66723562,39.2586618,39.86631572,40.38066548,40.73259081,40.87657128,40.86265981,40.99853635,
SYC,AGEDEP,53.92729756,52.59518172,51.34128706,50.12967228,48.94800527,47.7865373,46.61536862,45.4766304,44.3372894,43.22018604,42.25948053,41.49487038,40.88805923,40.44875398,40.09323294,39.72539224,39.40161376,39.1919368,39.0878121,39.08620763,39.21219319,39.54841975,39.77822604,39.80250487,39.84097718,
SYR,AGEDEP,82.37799812,80.68144514,78.97252176,77.29334849,75.57894432,73.86915591,70.86826774,66.93887463,65.64051739,65.89469201,65.49558271,65.43327163,66.91953969,71.6990634,77.77711719,80.91265411,80.12466567,77.63780057,73.61664931,68.349135,64.3008703,61.22761253,57.73208125,53.8991071,51.29771569,
TCA,AGEDEP,46.37386683,45.99149825,45.21291596,44.18342292,43.32204665,42.64985728,42.23518089,42.10526316,42.04257082,41.81258991,41.39209813,40.6245726,39.53700486,38.51251235,37.74415406,37.13985988,36.72697427,36.53280427,36.44571391,36.43719578,36.52609886,36.71058198,36.93957406,37.20819721,37.59609698,
TCD,AGEDEP,106.5770975,107.3391466,107.6474896,106.7746703,105.1582215,104.3890616,104.3926842,104.4864018,104.2365716,103.971927,104.0491896,103.80392,103.4199222,102.9001319,102.3511717,102.3720752,102.2828708,101.8012815,101.1861699,100.6845314,100.0545529,98.92363292,97.85999664,95.35807928,92.92045432,
TEA,AGEDEP,50.02275505,48.94096314,47.69443293,46.45607678,45.2513616,44.01865844,43.08495246,42.53484172,42.13528448,41.85309151,41.67221384,41.60870093,41.72170495,41.97756929,42.33925431,42.76748826,43.27108995,43.95533879,44.61770978,45.15046797,45.56118556,45.72288708,45.7857734,45.7076444,45.30971048,
TEC,AGEDEP,50.10841577,49.00918075,48.10175619,47.4275473,46.88850872,46.3736974,45.86804319,45.36363556,44.78287824,44.21517551,43.79813089,43.71137742,44.01981187,44.49884081,45.18527957,46.06186654,46.97615205,47.9004288,48.75821871,49.65754416,50.53819809,51.20936196,51.78675265,52.33589349,52.76686513,
TGO,AGEDEP,83.21270731,82.56582464,82.06754085,81.60663394,81.1149211,80.69683212,80.20431279,79.7799474,79.54193326,79.46162586,79.60127855,79.76507905,79.86227524,79.8491087,79.7250507,79.54472291,79.32967217,79.05308631,78.71448931,78.33500962,77.85782893,77.23510694,76.46759164,75.58122376,74.63971243,
THA,AGEDEP,43.88298777,43.37923602,42.95884441,42.62693436,42.35787463,42.09634392,41.7734548,41.38661141,40.99226275,40.63822979,40.28904563,39.92237431,39.62347843,39.49401293,39.55651447,39.72661984,39.89143602,40.06185419,40.30134051,40.60779406,40.97436892,41.40843585,41.90385414,42.46624738,43.08656488,
TJK,AGEDEP,84.81410916,82.19584941,79.61418386,77.21149928,75.07636737,73.09614661,71.26024033,69.75925468,68.58220666,67.55720538,66.6718796,66.14567331,65.74131848,65.2151428,64.79815751,64.65465793,64.63168677,64.64577843,64.87751371,65.30677522,65.84997493,66.37792727,66.84189984,67.10194429,66.98134403,
TKM,AGEDEP,70.38904079,68.03553632,65.82066621,63.78207082,61.83575321,59.93361131,58.09610954,56.29623426,54.57932536,53.01889695,51.68774502,50.66872068,49.98996804,49.65272432,49.63600121,49.88280928,50.36252271,51.05055423,51.91537509,52.90068788,53.9054052,54.83310239,55.60440691,56.11056821,56.34063723,
TLA,AGEDEP,61.34987326,60.44738418,59.5543057,58.66828254,57.7902747,56.93210836,56.09372009,55.27476712,54.47959613,53.72327443,53.00984239,52.35716705,51.77667179,51.24825837,50.78374136,50.37772232,49.99500624,49.65281199,49.38482979,49.15977661,48.87876954,48.54834247,48.2673535,48.06222684,47.90481489,
TLS,AGEDEP,81.73055347,81.56252375,81.30802767,80.9919362,80.66055438,81.17938136,82.51249801,83.65676334,84.4121976,84.86825219,85.15820775,85.05948303,84.39096831,83.1870929,81.55889243,79.80359509,78.04926131,76.30364663,74.57033249,72.82334343,71.06110486,69.25919797,67.33492526,65.46411222,63.76291384,
TMN,AGEDEP,77.70792089,76.02570408,74.62784791,73.30241458,71.84496571,70.44653089,69.14135911,67.87177708,66.9253121,66.30368131,65.81782442,65.56371651,65.52677966,65.65880021,65.84024767,65.96059589,65.97031776,65.8865744,65.68197862,65.36490279,64.96370134,64.42807514,63.82550811,63.20222538,62.53200586,
TON,AGEDEP,77.7002821,77.33063215,77.28056252,77.53777128,77.97482934,78.38079643,78.69059231,78.54024123,77.89524427,77.18205107,76.53314486,76.17963542,75.98506436,75.66441368,75.26303676,74.64074665,74.03437016,73.75035045,73.47015906,73.09166557,72.73470055,72.63324987,72.84035936,73.08787026,72.76692428,
TSA,AGEDEP,66.84731978,65.91569191,65.04282728,64.18003525,63.26887651,62.33429812,61.37357606,60.40103617,59.45855906,58.52327554,57.57420669,56.62957906,55.69729808,54.76406257,53.84736086,52.9766228,52.13736904,51.3486657,50.66505362,50.05822877,49.4468705,48.81326338,48.26571525,47.81977182,47.37882569,
TSS,AGEDEP,91.6838561,91.33556318,91.01701501,90.72003326,90.45139636,90.23956078,90.07619094,89.90637529,89.66020995,89.36366451,89.03630522,88.64004976,88.23421834,87.80200057,87.32674768,86.7774988,86.14145786,85.40526868,84.57307932,83.72059674,82.79985481,81.84014035,80.8967338,79.93787139,78.98941514,
TTO,AGEDEP,44.6860433,42.85086164,41.21935239,39.82580122,38.66198475,37.73879624,37.05473767,36.56400868,36.24727992,36.09500956,36.11018435,36.29052866,36.61016845,37.04418551,37.55894611,38.14037512,38.76652208,39.39604736,39.64599297,40.22106649,41.22327894,41.76521566,42.15906382,42.61459925,43.14064958,
TUN,AGEDEP,55.46084382,53.66052523,51.91127778,50.25842646,48.73893602,47.44040547,46.38872402,45.54156472,44.89532487,44.46854511,44.28651879,44.33055545,44.5724,45.06472364,45.68505309,46.35711181,47.10663624,47.8580035,48.60573117,49.38128262,50.07155123,50.41893034,50.551481,50.60508388,50.53118875,
TUR,AGEDEP,56.31720824,55.4197844,54.62011001,53.91063255,53.27842649,52.71741146,52.20028872,51.70398806,51.05705123,50.24599194,49.45485319,48.72431355,48.03714651,47.35580286,46.62969946,45.94526435,45.59096954,45.49220473,45.54640158,45.95230148,46.48529509,46.8236863,46.86290541,46.71524232,46.4838487,
TUV,AGEDEP,73.11808453,72.6715907,72.1774915,71.25949479,70.0034638,68.70332654,67.26546906,65.83061889,64.33688903,62.96930986,61.91275168,61.18421053,60.93612011,60.64544393,60.04662684,59.61566458,59.18159313,58.81063705,58.98269999,59.47249435,59.7143296,59.75552421,60.95360825,63.6,65.59656652,
TZA,AGEDEP,89.90827844,89.76202207,89.88836313,90.05051336,90.30977219,90.67629659,91.07673508,91.42704779,91.81985032,92.45570163,92.81670611,92.60622528,92.23328083,91.75436403,91.2304392,90.38206984,89.30480514,88.41750882,87.78102964,87.24319789,86.53798451,85.73776282,85.01823612,84.38990117,83.75971467,
UGA,AGEDEP,111.2021729,111.2095382,110.905017,110.4023311,110.0877495,109.7603058,109.3064451,108.6921967,107.8851501,106.9559531,105.9572371,104.9919465,104.0151805,102.9609508,101.6591211,100.0319676,97.94740382,95.64043587,93.56407753,91.56970782,89.70163091,88.03472187,86.64481419,85.48967243,84.26923869,
UKR,AGEDEP,45.50820315,44.46197031,43.78279527,43.49927256,43.2844447,42.92636433,42.53773382,42.2913225,41.7453667,41.24491277,40.86714676,40.51663544,40.83455267,41.31667406,42.09549058,43.33416075,44.48595757,45.65577771,46.55766114,47.2491269,47.88463797,48.21959873,48.54132198,48.92714209,48.92250906,
UMC,AGEDEP,51.6532057,50.52417445,49.2962528,48.10725766,46.97280693,45.85040353,44.96967755,44.39273568,43.95011274,43.61611259,43.37938291,43.25990567,43.31443586,43.49148526,43.76333552,44.11475488,44.54125662,45.09225861,45.60894118,46.03536598,46.36164152,46.48381697,46.52977747,46.475277,46.18473748,
URY,AGEDEP,59.81134051,59.84892164,59.8358582,59.70331231,59.4505495,59.21403042,58.98506863,58.67087651,58.30295999,57.88230794,57.42266623,56.95235983,56.5267544,56.18877095,55.8914702,55.65525308,55.46790356,55.22210429,54.91607601,54.56332253,54.16275095,53.64666428,53.09309163,52.66763186,52.29550262,
USA,AGEDEP,50.03583314,49.63850278,49.25236744,48.87487974,48.49792,48.09568294,47.80328114,47.77358207,47.91874248,48.09797159,48.24611711,48.51124836,48.99353474,49.50009161,49.95937336,50.38027928,50.78853269,51.23575689,51.69432641,52.16375152,52.58968164,52.95170898,53.3776336,53.90879969,54.4480428,
UZB,AGEDEP,70.53435334,68.20687858,65.83276875,63.60487062,61.50728092,59.37669066,57.16525631,55.12432314,53.44884628,52.09945301,50.91359714,49.86013912,49.08045858,48.72632225,48.8305476,49.33595082,50.0611693,50.82211314,51.70974667,52.76985639,53.95112709,55.24976828,56.52688705,57.6444239,58.64942921,
VCT,AGEDEP,62.4522498,61.6247775,60.20777385,58.77655842,57.49979063,56.33254553,55.25079347,54.20670584,53.22449318,52.39329794,51.79739916,51.41935305,51.00124983,50.49127397,50.08304141,49.75777772,49.48975289,49.27456382,49.18177294,49.26418961,49.29051423,49.35157351,49.58223395,49.72219759,49.66011691,
VEN,AGEDEP,63.10734802,62.15059618,61.19817759,60.26566166,59.35485479,58.51224875,57.77366019,57.10096205,56.47673657,55.89919144,55.35983067,54.87804179,54.44598435,54.0187231,53.60120107,53.21998298,53.0083098,53.36396667,54.59006491,55.96382846,56.48545857,56.27009248,55.69702425,55.0083324,54.33579936,
VGB,AGEDEP,44.4166964,43.62870364,42.03340403,40.46833354,39.30593607,38.56423469,38.17556132,38.12687177,38.41090986,38.80361059,38.81225861,38.11516813,37.20215219,36.48613742,36.02112821,35.5893566,35.63278216,35.67901747,34.94529455,34.34846807,33.91028415,33.4415699,32.88597586,32.17385408,31.77751068,
VIR,AGEDEP,52.75582801,52.34947368,51.96487592,51.61177638,51.37466157,51.14558073,50.9226377,50.91661327,51.16444469,51.74769377,52.57036651,53.58758705,54.76132576,55.98804557,57.26697571,58.25950251,58.84056258,59.25804967,59.58389262,59.89566938,60.39899798,61.15136386,62.12990449,63.29846843,64.4379677,
VNM,AGEDEP,59.94982211,57.96489026,56.23464548,54.65638726,53.05474143,51.34121547,49.54607863,47.87987836,46.42942105,45.17109676,44.15539369,43.42950951,43.05745995,43.06537992,43.3734893,43.76813253,44.38523019,45.32218186,46.12335213,46.60543162,46.96413614,47.23929826,47.41636476,47.55141316,47.64765103,
VUT,AGEDEP,84.30076676,82.42770923,80.60619473,78.82874857,77.14007698,75.5484849,74.07950853,72.80437329,71.80500659,71.09805767,70.78219979,70.84885867,71.17831547,71.74769862,72.46315343,73.19933871,73.90704096,74.55344272,75.08823186,75.46753684,75.63765016,75.61462939,75.39359711,74.92206821,74.24513056,
WLD,AGEDEP,60.79672911,60.07374515,59.35096841,58.65299833,57.96205471,57.27911168,56.69516616,56.22665146,55.83208781,55.50909093,55.22854391,55.03274168,54.96739314,54.9752893,55.02723092,55.09192104,55.15381063,55.26045455,55.36166422,55.42491282,55.42353626,55.3157367,55.16654375,54.99571011,54.74479985,
WSM,AGEDEP,81.65775134,82.26660298,82.06231557,81.13528245,80.46256552,79.828805,79.12455985,78.22691821,77.33531091,76.73027943,76.43461728,76.38804591,75.98516873,75.43356693,75.29202485,75.25013028,75.38934903,75.93528384,76.63396329,77.39415003,78.24200222,78.98658718,79.66947667,79.96461559,79.67825413,
XKX,AGEDEP,70.46205089,67.28346779,64.04405923,61.12892184,58.74710967,56.85377053,55.45656194,54.63248671,54.11694128,53.70196388,53.37779554,52.72218856,51.66954961,50.82129179,50.4491592,50.31146167,49.42342836,47.91578057,46.8838733,46.38599322,45.60548472,44.97641599,44.90072217,44.7976993,44.47727841,
YEM,AGEDEP,107.4605443,105.4632866,103.4417597,101.4355125,99.43648224,97.17849795,94.75727314,92.4209902,90.1589412,88.0489446,86.13627617,84.51416462,83.18923179,82.08927613,81.12757565,80.3078546,79.66702997,79.16409848,78.78888526,78.45078509,78.24903193,78.16817667,77.97436366,77.72609332,77.4668982,
ZAF,AGEDEP,65.70270523,63.54386091,61.40677841,59.45525216,57.85877215,56.65103797,55.68531128,54.84779105,54.19906046,53.66699386,53.02351831,52.36100429,51.86550724,51.46003027,51.1390116,50.77981422,51.0589577,51.26678854,50.67742758,50.09433937,49.49614179,48.9162852,48.55046604,48.36793447,48.31141734,
ZMB,AGEDEP,101.547535,100.4963288,99.43094109,98.47540189,97.60306316,96.77153027,95.92597893,95.09374762,94.24832795,93.41372842,92.62723546,91.94376572,91.24801217,90.41536253,89.42766688,88.38199832,87.27264252,86.08802791,84.88484383,83.63371371,82.29107547,80.89781708,79.51647008,78.10699209,76.69124074,
ZWE,AGEDEP,82.78282022,81.55637515,81.00789611,81.1534991,81.60916519,82.20281887,82.5129279,82.7732704,83.4642159,84.4783865,85.67067996,86.79895385,87.85942105,88.6378275,88.92757091,88.83635789,88.32752798,87.51235209,86.51683985,85.44790583,84.38438064,83.38495332,82.54760546,81.62535176,80.10041179,
