Country Code,Indicator Code,2000,2002,2003,2004,2005,2006,2007,2008,2009,2010,2011,2012,2013,2014,2015,2016,2017,2018,2019,2020,2021,2022,2023,2024
AFG,GE,-2.3446017,-2.0988761,-2.1081208,-1.156126,-1.3907016,-1.6259661,-1.5929686,-1.6680318,-1.5587942,-1.5857412,-1.6043337,-1.4997935,-1.5009938,-1.5246032,-1.4711716,-1.4177302,-1.4421872,-1.6312498,-1.6540805,-1.7167282,-1.7059035,-1.9646115,-2.0924592,-1.9339966
ALB,GE,-1.1093724,-0.6571054,-0.6637265,-0.4499559,-0.6979427,-0.6153929,-0.5171955,-0.4824716,-0.2900014,-0.2964483,-0.2490677,-0.3393566,-0.3564184,0.0801175,0.1835585,0.1974461,0.256049,0.2684643,0.0266494,0.0187103,0.1116368,0.1929668,0.293429,0.3123437
DZA,GE,-1.0812973,-0.7183696,-0.8617248,-0.680783,-0.6847363,-0.7349677,-0.7517159,-0.7243628,-0.6983821,-0.6027467,-0.7223981,-0.6595197,-0.5509556,-0.3152327,-0.3555636,-0.4244363,-0.5231578,-0.2892145,-0.315897,-0.2693237,-0.4641151,-0.2671351,-0.355561,-0.2511914
ASM,GE,,,,-0.0644599,-0.2988565,-0.3018027,0.2189602,0.2224354,0.2345697,0.2368725,0.2355177,0.2358589,0.23624,0.767958,0.7651163,0.7661041,0.7664249,0.7681859,0.7699023,0.7650002,0.7679093,0.7674713,0.7690129,0.767382
AND,GE,0.7532431,0.7534943,0.7406422,0.8951417,0.7337585,1.2471197,1.2515751,1.2550503,1.2671846,1.2694874,1.2681327,1.2684739,1.268855,1.8005729,1.7977313,1.7987191,1.7990398,1.8008008,1.8025173,1.7976151,1.8005243,1.1591046,1.1602754,1.1590368
AGO,GE,-1.1141214,-1.2300935,-1.4582044,-1.5316839,-1.5412074,-1.4924701,-1.4130187,-1.3238188,-1.0974384,-0.9515013,-1.0097747,-1.0191994,-1.0286328,-0.9400114,-0.9378237,-0.9493847,-0.9681157,-0.9784602,-0.9116965,-1.0163604,-0.9347008,-0.8325718,-0.8287026,-0.7851909
AIA,GE,,,,0.5613671,1.7663734,1.7634272,1.7678826,1.7713578,1.7834921,1.7857949,1.7844401,1.7847814,1.7851624,1.4563681,1.4535264,1.4545142,0.7664249,0.7681859,0.7699023,0.7650002,0.7679093,1.1116761,1.1132177,1.1115868
ATG,GE,0.7532431,0.7534943,0.7406422,0.5101852,0.5788558,0.5765812,0.580021,0.5827039,0.592072,0.7531799,0.7518252,0.7521664,0.7525475,0.0795479,0.4209115,0.4218993,-0.2661901,-0.2644291,-0.2627126,-0.6118196,-0.6089105,-0.0927924,0.4312085,0.4299698
ARG,GE,0.0107824,-0.2252559,-0.1358752,-0.023834,0.013348,0.0518902,0.0008549,-0.0710406,-0.0584799,0.0072363,0.0717304,0.0013935,-0.0162575,0.1781782,0.1187015,0.3427634,0.2956525,0.257748,0.2629574,0.148927,0.1125651,0.1085858,0.0614731,0.1837479
ARM,GE,-0.6449407,-0.2957267,-0.3023479,-0.1956257,-0.2233106,-0.239965,-0.3655469,-0.2999247,-0.0404606,-0.1432718,-0.0113661,0.0313392,0.0697532,-0.1326294,-0.1424065,-0.1056077,-0.010591,-0.1730616,-0.2531827,-0.3375702,-0.3553578,-0.3306901,-0.163441,-0.3640294
ABW,GE,,,,0.8951417,1.2500659,1.2471197,1.2515751,1.2550503,1.3983691,1.0023954,1.0015699,1.0017778,1.00201,0.6967705,0.6950388,0.6956408,0.6958363,0.9066629,0.9077089,0.9047216,0.9064944,1.0084741,0.6576186,0.6567856
AUS,GE,1.7893043,1.9223958,1.9394757,1.7890482,1.8033736,1.7583757,1.7472507,1.734412,1.65062,1.7130228,1.7037267,1.7045531,1.6221252,1.7947484,1.6762148,1.6248454,1.6442984,1.7247815,1.6666492,1.6054566,1.7024874,1.7675146,1.7818134,1.8090452
AUT,GE,1.9747909,1.9624974,1.8622422,1.8071699,1.881578,1.7737449,1.7741679,1.729943,1.628888,1.7509901,1.5645026,1.5204181,1.5738779,1.6929112,1.6009157,1.658232,1.6138342,1.6043579,1.7527565,1.9079985,1.8163061,1.7373291,1.5790569,1.5145106
AZE,GE,-1.3849617,-1.1844661,-1.1894435,-1.0690396,-0.9041952,-0.8634636,-0.8094255,-0.8223916,-0.7260011,-0.8597442,-0.7958644,-0.8083243,-0.6064243,-0.4254637,-0.3537252,-0.1263081,-0.1355348,-0.1558709,-0.0555998,-0.0570333,-0.0569923,-0.0543532,0.0656316,0.1661183
BHS,GE,1.1423342,1.1424982,1.1341046,0.9250596,1.129609,1.1276848,1.1305946,1.1328642,0.9769895,0.9780496,0.977426,0.9775831,0.9777585,0.7471619,0.7458537,0.7463085,0.7464561,0.7472668,0.748057,0.5873396,0.5886789,0.7093344,0.7099538,0.7092986
BHR,GE,0.4698725,0.3820288,0.3777992,0.3772643,0.2695948,0.2778683,0.3484973,0.3002283,0.3685138,0.3995029,0.4333329,0.3354941,0.3589139,0.4256973,0.44791,0.4226535,0.4227562,0.4181683,0.4361988,0.4205912,0.7183116,0.7297568,0.7325207,0.6002525
BGD,GE,-0.8710785,-0.8543124,-1.0668967,-0.906057,-0.894647,-0.9439661,-0.8728241,-0.844899,-0.8145983,-0.8070768,-0.8372577,-0.7988014,-0.7739057,-0.6851605,-0.6547007,-0.5337691,-0.573203,-0.6193938,-0.5970582,-0.7213698,-0.5638994,-0.62345,-0.5574534,-0.6189746
BRB,GE,0.7532431,0.7534943,0.7406422,0.6014911,1.3423683,1.4131061,1.3271495,1.5294458,1.3184236,1.2232303,1.2759677,1.2905412,1.2093535,1.164952,1.1636099,0.9780647,0.9782162,0.9790479,0.7790151,0.6105647,0.6625554,0.7073038,0.6052291,0.60457
BLR,GE,-1.3091068,-1.4137281,-1.4203492,-1.2599731,-1.2876715,-0.9909852,-0.9883947,-1.0478556,-1.0481149,-1.0551971,-1.0673804,-1.0741204,-1.0027888,-0.4791856,-0.3341197,-0.3286362,-0.201457,-0.229958,-0.2387162,-0.6167824,-0.6825409,-0.5969261,-0.5964061,-0.7015463
BEL,GE,1.7838968,1.9363037,1.7075541,1.6404506,1.6989455,1.5280568,1.5124984,1.5519592,1.7446252,1.659156,1.7960063,1.8013661,1.8156516,1.5482903,1.5255063,1.3520474,1.1503596,1.2308189,1.1205719,1.1695968,1.2282716,1.3103839,1.1646047,1.1947395
BLZ,GE,-0.2793718,-0.2791206,-0.2919728,-0.392167,-0.4764967,-0.469515,-0.5193893,-0.5237277,-0.5186637,-0.2767142,-0.2683306,-0.268194,-0.2680415,-0.4369717,-0.3941298,-0.41265,-0.4124914,-0.3950567,-0.3772395,-0.3797712,-0.3782688,-0.1413049,-0.0642292,-0.129095
BEN,GE,-0.7956793,-0.6357049,-0.6449496,-0.4463045,-0.6133987,-0.6931451,-0.6041193,-0.5327602,-0.4612493,-0.4821387,-0.4467532,-0.5014158,-0.5198363,-0.4471044,-0.5410404,-0.4948066,-0.46663,-0.362429,-0.3133743,-0.1887935,-0.2018892,-0.2149135,-0.216368,-0.1854211
BMU,GE,0.7532431,0.7534943,0.7406422,0.6448107,0.7337585,0.7308122,0.7352677,0.7387428,0.7508772,0.7531799,0.7518252,0.7521664,0.7525475,1.4563681,1.4535264,1.4545142,1.454835,1.456596,1.4583124,1.4534103,1.4563194,1.214283,1.4768692,1.4756305
BTN,GE,0.2369357,0.2371868,0.2243347,0.2677191,0.3537186,0.1891631,0.2046584,0.2599671,0.4132294,0.4330688,0.4711814,0.5172017,0.6398365,0.4198133,0.3649184,0.440651,0.4832628,0.5384773,0.4846393,0.4837444,0.5963822,0.5347986,0.5353028,0.5808357
BOL,GE,-0.4884996,-0.4897682,-0.5017882,-0.5545755,-0.4652255,-0.4843923,-0.4495042,-0.4878087,-0.3618237,-0.3055989,-0.2672438,-0.2476484,-0.1627207,-0.3868723,-0.4320931,-0.3327318,-0.313079,-0.364265,-0.4578656,-0.4718419,-0.4784584,-0.4335715,-0.4093864,-0.6104172
BIH,GE,-1.4050976,-1.3473428,-1.3536094,-0.7838016,-0.7211271,-0.6810722,-0.7722494,-0.6884491,-0.6804742,-0.7085987,-0.7322155,-0.5915425,-0.5381602,-0.2379292,-0.4626996,-0.4139216,-0.4707049,-0.6666,-0.7937191,-0.7051218,-0.8403621,-0.7459726,-0.6453703,-0.6353163
BWA,GE,0.2321815,0.444301,0.6238241,0.5092061,0.5932223,0.3623225,0.5667941,0.5227345,0.5628411,0.5312259,0.5431636,0.5525088,0.5476863,0.5180867,0.5694337,0.5361603,0.4156169,0.3467776,0.4033395,0.310377,0.4025631,0.4593723,0.5409963,0.4168893
BRA,GE,-0.161961,-0.0536477,-0.1177712,-0.2171344,-0.3449277,-0.378799,-0.3870143,-0.1188332,-0.0252665,-0.0076855,-0.0357455,-0.0055523,0.1384625,-0.0203333,-0.1018264,-0.1005395,-0.1049895,-0.2064206,0.0428329,-0.0873995,-0.0686134,-0.2352194,-0.2666224,-0.224003
BRN,GE,0.4679436,0.4681076,0.459714,0.4073455,0.4552184,0.6451745,0.6480843,0.6779864,0.7798184,0.7436709,0.7425023,0.7478848,0.8076506,1.1383825,1.1373096,0.9756594,1.0134455,1.0202584,1.0771038,1.0752528,1.0763513,0.9849534,0.9854734,0.8351988
BGR,GE,-0.3193332,-0.0419982,-0.0474568,-0.0150204,-0.0613293,-0.1664398,-0.1576116,-0.2498712,-0.0587278,-0.2958077,-0.2805498,-0.202198,-0.1532468,-0.1542943,-0.1097245,-0.0689039,-0.0494362,-0.0244659,0.0359426,-0.0577386,-0.014807,-0.0737381,0.1061571,0.0428203
BFA,GE,-0.973968,-1.0826304,-1.0893194,-0.7835675,-0.7423131,-0.8342122,-0.7284371,-0.5880798,-0.550792,-0.518394,-0.5279818,-0.6191411,-0.6252001,-0.5627279,-0.6531111,-0.5249352,-0.5109375,-0.4822964,-0.627609,-0.6308904,-0.7464479,-0.8714085,-0.864281,-0.8748674
BDI,GE,-1.8282942,-1.9445053,-1.95375,-1.5282262,-1.3694248,-1.3396498,-1.3584566,-1.2512833,-1.0910389,-1.2006202,-1.1611384,-1.1869228,-0.8972943,-0.8758081,-0.9257032,-1.0721309,-0.9217583,-1.0293582,-0.9766193,-1.0934389,-1.1242343,-1.1809945,-1.108269,-1.0060869
CPV,GE,,-0.3020434,-0.3144311,-0.3541324,-0.2222417,0.1384059,0.2908065,0.1812377,0.1808895,0.107822,0.1311091,0.1117572,0.07416,0.1923468,0.3232931,0.2898294,0.3194131,0.345416,0.383949,0.3949941,0.2774591,0.3600121,0.361672,0.4151952
KHM,GE,-1.0508417,-1.1388613,-1.1451886,-1.0660651,-1.2866826,-1.1887831,-0.9474048,-1.0035669,-0.8036431,-0.814118,-0.7478373,-0.7009489,-0.8143031,-0.5981221,-0.5898441,-0.572328,-0.4673244,-0.4851255,-0.5152334,-0.5904535,-0.643403,-0.4625515,-0.4160661,-0.2935013
CMR,GE,-1.0516097,-1.2050191,-1.2859289,-1.048838,-1.0799827,-1.0844884,-0.9545798,-0.894691,-0.8292826,-0.8190524,-0.8421703,-0.8326177,-0.7950544,-0.5751346,-0.6267228,-0.6124981,-0.6251,-0.6780214,-0.7379684,-0.8271415,-0.7877108,-0.7843452,-0.7787017,-0.8007887
CAN,GE,1.9204677,1.9763346,1.9080933,1.8705174,1.861353,1.7978845,1.820534,1.8470855,1.7892317,1.8008051,1.8561632,1.9358475,1.8530136,1.9138517,1.8766375,1.8665128,1.9509261,1.8344901,1.8495246,1.6877631,1.682819,1.8072447,1.7452669,1.7591249
CYM,GE,1.7858581,1.7861092,1.2569496,0.8951417,1.2500659,1.2471197,1.2515751,1.2550503,1.0009922,1.0023954,1.0015699,1.0017778,1.00201,1.1162778,1.1145462,1.1151481,1.1153436,1.1164167,1.1174627,0.9047216,1.1162482,1.1842957,1.1850832,1.1842501
CAF,GE,-1.3119868,-1.727489,-1.7367337,-1.6558153,-1.7555964,-1.67014,-1.6327306,-1.6332668,-1.5246398,-1.4094241,-1.4041863,-1.4247717,-1.5187178,-1.6249509,-1.6179467,-1.5617326,-1.5629538,-1.5339025,-1.5816743,-1.6123187,-1.5775561,-1.5903191,-1.5707645,-1.57655
TCD,GE,-0.7956793,-1.2017311,-1.608562,-1.2722611,-1.3765091,-1.4484387,-1.4351661,-1.4822531,-1.3361595,-1.2969073,-1.2335999,-1.3185712,-1.2533334,-1.2514726,-1.232359,-1.1872693,-1.10043,-1.178056,-1.26227,-1.2291822,-1.2404592,-1.1754288,-1.2154601,-1.1005006
CHL,GE,0.9391959,1.1052274,1.1599142,1.1459329,1.3054961,1.2768856,1.2860486,1.1968363,1.2743821,1.155394,1.2408511,1.2838887,1.2255779,1.1023819,1.0506453,0.9734877,0.9620758,1.0356277,1.0469727,0.8727629,0.8697585,0.8753581,0.9969509,0.964461
CHN,GE,-0.4964127,-0.5173674,-0.5050609,-0.3548072,-0.4690918,-0.3960377,-0.2451269,-0.1403096,-0.14832,-0.1269778,-0.104167,-0.1320098,-0.1410284,0.4896286,0.5336101,0.543189,0.5787617,0.5311035,0.6706547,0.5674972,0.6669456,0.5292387,0.7776287,0.8957842
COL,GE,-0.4859849,-0.7687469,-0.4180993,-0.2488422,-0.3124671,-0.2040905,-0.1895281,-0.1818918,-0.2490387,-0.1486694,-0.0530657,-0.1049844,-0.0488965,-0.2072724,-0.134012,-0.1150666,-0.1489232,-0.1139281,-0.0738128,-0.082969,-0.0318011,0.0015825,-0.0421246,-0.1110991
COM,GE,-1.3119868,-0.7954281,-1.3245877,-1.4426344,-1.6013118,-1.5923588,-1.5906167,-1.6707387,-1.6389712,-1.6305278,-1.6969104,-1.5902603,-1.527998,-1.3214626,-1.4105773,-1.3535015,-1.2955426,-1.313442,-1.3431515,-1.374859,-1.5520366,-1.3767923,-1.2489279,-1.2085975
COD,GE,-2.0321191,-2.1492711,-2.15596,-1.8129762,-1.7346249,-1.596995,-1.6286105,-1.6446415,-1.6494137,-1.6776721,-1.6387841,-1.5733358,-1.369127,-1.4008887,-1.4727107,-1.3846284,-1.4588281,-1.5190922,-1.57826,-1.6808836,-1.7049551,-1.7341162,-1.6579504,-1.6934449
COG,GE,-1.3111633,-1.3109993,-1.3193929,-1.1452811,-1.285593,-1.2884306,-1.3116547,-1.1272144,-1.12546,-1.1177022,-1.1032116,-1.0475415,-1.1096762,-0.929383,-0.8351827,-0.8123243,-0.8685556,-0.9770525,-0.9420603,-1.1735413,-1.1895932,-1.1313765,-1.1669408,-1.110638
COK,GE,,,,,0.3782609,0.3652926,0.5085186,0.5238152,-0.3673689,-0.4916805,-0.4670792,-0.7884165,-0.7876085,-0.7549339,-0.7609589,,,,,,,0.0321933,0.0389791,0.5262603
CRI,GE,0.1089203,0.2004916,0.1932721,0.2661532,0.2312006,0.1677132,0.2444248,0.2763826,0.4024005,0.4026744,0.3641095,0.4335446,0.3382818,0.3669615,0.3596651,0.315527,0.3339142,0.3528682,0.3043657,0.2258033,0.2714874,0.1212348,0.3340948,0.2868975
CIV,GE,-1.1469455,-1.3137544,-1.3187701,-1.6168878,-1.5345441,-1.3783377,-1.4015618,-1.3605844,-1.1486226,-1.2514065,-1.20852,-1.0666458,-0.9238056,-0.7218402,-0.5999604,-0.6103532,-0.5958625,-0.5079239,-0.4891342,-0.4875808,-0.5005974,-0.354842,-0.3185096,-0.3157177
HRV,GE,0.1833787,0.2060399,0.1631364,0.3693341,0.354903,0.302513,0.3753871,0.3957849,0.4213095,0.2868905,0.240585,0.4012631,0.4156062,0.4256344,0.2567445,0.2649439,0.404068,0.4927546,0.4191078,0.5056587,0.7557995,0.7162336,0.7487411,0.7097625
CUB,GE,-0.4808917,-0.804966,-0.8099817,-0.580456,-0.8989728,-0.4655686,-0.464055,-0.4304076,-0.4262852,-0.5959661,-0.5964777,-0.4747673,-0.4746378,-0.0016531,-0.0026185,-0.0350921,-0.0638778,-0.211616,-0.1082032,-0.1099187,-0.0976359,0.0198019,-0.0018925,-0.2695183
CYP,GE,1.3111056,1.5489123,1.2427928,1.1952669,1.299176,1.2048195,1.2334071,1.3890009,1.3244041,1.4784399,1.4990644,1.485049,1.4722986,1.1190613,1.0770285,1.0483689,1.1146166,0.860738,0.9974556,1.0026015,0.86,0.9509266,0.9314768,0.8696373
CZE,GE,0.5125501,0.8849793,0.8087247,0.7384194,0.9422649,0.8055261,0.6145105,0.7918796,0.8451827,0.713873,0.7416914,0.7285974,0.6929877,0.9017758,0.9304102,1.0079335,1.0284233,1.0258091,0.971418,1.0855924,1.1010113,1.1951482,1.2354239,1.1773279
DNK,GE,1.9471575,2.1922798,2.1441789,2.0993907,2.0614768,2.1627643,2.2040874,2.1465669,2.1667207,1.920097,2.0426979,1.9667251,1.9589905,1.8095293,1.7943827,1.8352349,1.8254188,1.920528,1.9444854,1.9999488,2.1905145,2.0983389,1.9559634,1.9128986
DJI,GE,-1.3119868,-0.7954281,-0.8082803,-0.7162118,-0.8400325,-1.0430659,-0.8772624,-0.8117514,-0.7338482,-0.7292418,-0.7251155,-0.7689658,-0.7216376,-0.6905333,-0.7524266,-0.7128754,-0.7792345,-0.7720107,-0.6529552,-0.6750074,-0.6477013,-0.5581809,-0.536184,-0.4930443
DMA,GE,0.7532431,0.7534943,0.7406422,0.3813429,0.3823937,0.3806177,0.5040295,0.5061243,0.5134391,0.6879945,0.6135665,0.6138167,0.6140962,0.1205519,0.118468,0.0457581,-0.4588519,-0.4575605,-0.4563017,-0.3864624,-0.384329,-0.0222235,0.3883874,0.1490422
DOM,GE,-0.8764303,-0.8441522,-0.8381869,-0.797519,-0.8364096,-0.6870847,-0.7085351,-0.6984304,-0.6709237,-0.7108721,-0.6735468,-0.5008993,-0.4176139,-0.1120342,-0.3030553,-0.2432639,-0.3142266,-0.3568186,-0.2994857,-0.3603632,-0.1501487,-0.1210713,0.045792,0.0746487
ECU,GE,-1.0664178,-1.0787578,-1.0385274,-0.911567,-0.926587,-0.902354,-0.83636,-0.7597485,-0.4783124,-0.4838765,-0.3010584,-0.2920188,-0.1859129,-0.1076037,-0.193813,-0.1531976,-0.1425925,-0.213034,-0.1952963,-0.3435075,-0.1107469,0.0016249,-0.1625339,-0.2196127
EGY,GE,-0.2541717,-0.728812,-0.6388485,-0.5720178,-0.6310497,-0.6146272,-0.5786331,-0.5179342,-0.3337177,-0.4820938,-0.493349,-0.5323164,-0.7648363,-0.6440128,-0.5216722,-0.4409504,-0.4068952,-0.4058855,-0.1186417,-0.2343559,-0.2251023,-0.1434309,-0.0397463,-0.0970579
SLV,GE,-0.962052,-0.8887994,-0.8359755,-0.4755758,-0.5234141,-0.4228257,-0.4204939,-0.4518894,-0.3350992,-0.2079515,-0.2858874,-0.2629505,-0.2285247,-0.1173206,-0.3051905,-0.3247185,-0.3512048,-0.3651057,-0.3446971,-0.1427333,-0.2484854,-0.387094,-0.0947816,-0.1831795
GNQ,GE,-1.3654721,-1.3653191,-1.373151,-1.374142,-1.4036206,-1.4051422,-1.4028412,-1.4010464,-1.3669139,-1.3172768,-1.3209115,-1.3207353,-1.3530473,-0.9774502,-0.9975418,-0.9739752,-1.0052134,-0.9846747,-1.009579,-1.0623792,-1.041591,-1.1757572,-1.1523444,-1.1825117
ERI,GE,-1.3119868,-0.9332579,-0.9425026,-1.0685702,-0.9143152,-1.1331014,-1.1318599,-1.141717,-1.1515328,-1.1909988,-1.2937716,-1.3263806,-1.3919184,-1.2490594,-1.2742181,-1.2669749,-1.2739169,-1.4237759,-1.4628029,-1.3975653,-1.394653,-1.3434874,-1.3802453,-1.4561789
EST,GE,0.58135,0.6400868,0.8739661,0.8750238,0.9156236,1.0357675,0.9948635,1.0468986,0.9229304,1.0389597,1.0559372,1.0577763,1.0627505,1.1638114,1.0344114,1.0636815,1.0682358,1.2651627,1.1953645,1.3201957,1.3707206,1.3587321,1.2678954,1.2969908
SWZ,GE,-0.2793718,-0.2791206,-0.8082803,-1.1297751,-1.0842476,-0.5609934,-0.5904897,-0.3147488,-0.3984928,-0.2557265,-0.3542781,-0.1872129,-0.2076097,-0.2740835,-0.2900182,-0.2483557,-0.2875028,-0.4508541,-0.4962233,-0.6235547,-0.7233034,-0.6320655,-0.7177742,-0.7811414
ETH,GE,-1.3518124,-1.2859289,-1.4424574,-1.0120279,-0.9183428,-0.7589014,-0.6386095,-0.530582,-0.5208217,-0.4772744,-0.5169232,-0.4212532,-0.5207719,-0.451423,-0.5298526,-0.4771006,-0.5281279,-0.5328814,-0.5253376,-0.5516895,-0.6504621,-0.7000773,-0.6883758,-0.645991
FJI,GE,0.2369357,0.2371868,0.2243347,-0.1479039,0.217451,0.2145048,-0.2973473,-0.8101796,-0.8655432,-0.5441368,-0.5254383,-0.5785579,-0.5782637,-0.0992434,-0.1014372,-0.1006746,-0.100427,0.4324074,1.1141072,0.6553479,0.7309158,0.5025006,0.5033911,0.6089609
FIN,GE,2.118098,2.32219,2.3184526,2.1608063,2.1754916,2.0312012,1.8931493,1.9976827,2.1588192,2.1469591,2.2380912,2.2730989,2.2328225,2.0675854,1.9234691,1.9380968,2.1101082,2.1598194,2.1491065,2.1354229,2.1560517,1.8972063,1.787685,1.8171611
FRA,GE,1.6644076,1.5487521,1.6348006,1.553699,1.7144505,1.463733,1.5196924,1.6286144,1.5501891,1.4409639,1.4686756,1.5129077,1.4742784,1.4539502,1.4592807,1.4200425,1.4018117,1.5186813,1.4821333,1.4906558,1.5363267,1.4637769,1.3517693,1.2007009
GUF,GE,0.7532431,0.7534943,0.7406422,0.39448,0.7337585,0.7308122,0.7352677,0.7387428,1.4811155,1.4825188,1.4816932,1.4819011,1.4821334,1.4915243,1.4897926,1.4903946,1.4905901,1.4916632,1.4927092,1.4897219,1.4914946,1.2859047,1.2866922,1.2858591
PYF,GE,,,,,,,,,,,,,,,,,,,,,,,,
GAB,GE,-0.6059151,-0.6057995,-0.6117162,-1.0988503,-1.041666,-0.7785827,-0.776777,-0.7753686,-0.6129917,-0.5813481,-0.7953663,-0.9553429,-0.8356498,-0.6813684,-0.702389,-0.6634804,-0.8272048,-0.7795313,-0.7880906,-0.8134549,-0.5886647,-0.5943568,-0.5840974,-0.5671547
GMB,GE,-0.5902075,-0.5900435,-0.5953216,-0.6714764,-0.7874411,-0.9187555,-0.7778148,-0.7696386,-0.6502235,-0.638967,-0.6268448,-0.5767663,-0.6098694,-0.5410093,-0.6335683,-0.6110704,-0.5220746,-0.5023406,-0.5361521,-0.5874216,-0.5131901,-0.5024958,-0.4683483,-0.5358243
GEO,GE,-0.8765203,-1.2104208,-1.2195365,-0.7313035,-0.6108964,-0.3869641,-0.2227139,-0.0154298,0.0841957,0.2118458,0.5431231,0.6137741,0.5511037,0.5296758,0.4698911,0.5977322,0.6334817,0.5020219,0.511363,0.3081567,0.4515433,0.4424252,0.5876041,0.4562672
DEU,GE,1.7619844,1.7461478,1.5716359,1.5450395,1.6484947,1.6976514,1.7597094,1.737643,1.7720019,1.538577,1.645879,1.7583687,1.8105078,1.9655186,1.9623466,1.9057837,1.8901031,1.8019092,1.8881241,1.7812546,1.8265941,1.7792628,1.5613864,1.5462994
GHA,GE,-0.0680213,-0.2240367,-0.4389193,-0.3962772,-0.2673343,0.0739642,0.0561228,0.0686849,0.078926,0.0369136,0.0061563,0.0221723,-0.0886219,-0.0881126,-0.085856,0.0177698,0.0366097,-0.0138733,-0.0546834,-0.0103657,-0.0445107,-0.0662946,-0.0177779,0.0595796
GRC,GE,0.3180535,0.4355371,0.5176036,0.6671438,0.4979127,0.5463793,0.4958193,0.4581092,0.4951187,0.3044238,0.2558843,0.2269435,0.396537,0.2447728,0.1817351,0.0838989,0.2623317,0.3398991,0.4589741,0.5867351,0.5727218,0.5636045,0.2578486,0.1912731
GRL,GE,,,,,,,,,0.4629939,0.4658113,0.4641538,0.4645713,0.4650375,0.4838917,0.4804151,0.4816236,0.482016,0.4841706,0.4862706,0.480273,0.4838322,0.7779131,0.7792725,1.3528493
GRD,GE,0.7532431,0.7534943,0.7406422,0.4779746,0.4427567,0.484785,0.4874708,0.4895657,0.5379916,0.5616484,0.5608317,0.5610374,0.5009041,0.2423394,0.0331347,0.0337302,0.0339235,-0.1545834,-0.0931857,-0.0961408,-0.0943871,-0.0438885,0.0807086,0.0201444
GUM,GE,,,,0.2693143,-0.2988565,-0.3018027,-0.2973473,-0.2938721,-0.2817378,-0.279435,-0.2807897,-0.2804485,-0.2800675,0.767958,0.7651163,0.7661041,0.7664249,0.7681859,0.7699023,0.7650002,0.7679093,0.952868,0.9540388,1.269394
GTM,GE,-1.0470244,-0.9260441,-0.9461887,-0.8896651,-0.8990503,-0.7008041,-0.6725821,-0.6490196,-0.581593,-0.6073928,-0.6813602,-0.6922625,-0.6452598,-0.5721862,-0.6527228,-0.6757539,-0.6982041,-0.7651424,-0.7779291,-0.7764521,-0.7444335,-0.8842065,-0.8628806,-0.9093696
GIN,GE,-0.9274028,-1.0001954,-1.0068843,-0.8587699,-0.8517131,-1.2749881,-1.2277332,-1.1636273,-1.1868935,-1.1136703,-1.1619696,-1.2211888,-1.110455,-1.0008725,-0.9452185,-0.8784328,-0.888003,-0.838006,-0.6765097,-0.8118614,-0.808594,-0.9248516,-0.8735118,-0.8881627
GNB,GE,-0.973968,-0.973804,-1.3193929,-1.532916,-1.4154101,-1.0792857,-1.0464922,-0.9904376,-0.9508997,-0.9602743,-1.0116558,-1.2131091,-1.4128951,-1.4525813,-1.3953114,-1.4408281,-1.5425984,-1.235343,-1.2804308,-1.2811844,-1.3839632,-1.5281779,-1.4517345,-1.3676142
GUY,GE,0.1307483,0.1309123,0.1225187,-0.0177433,-0.3480773,-0.1107271,0.0182251,-0.1494954,-0.0858978,-0.042627,-0.045055,-0.0195935,-0.0235782,-0.0947731,-0.1184435,-0.1181524,-0.1613265,-0.0849901,-0.0844712,-0.2652471,-0.1426381,-0.1291709,-0.0976685,-0.0982402
HTI,GE,-1.3577285,-1.8375513,-1.8356586,-1.8983869,-1.6556466,-1.6592686,-1.658091,-1.4364822,-1.4421191,-1.5677862,-1.6189617,-1.599663,-1.523841,-1.9298374,-1.869399,-1.8833592,-1.8904667,-1.7517146,-1.8885565,-1.9163196,-2.0602282,-2.0132007,-2.0108367,-2.0156868
HND,GE,-1.0776822,-1.0247734,-1.0735697,-0.7452631,-0.697415,-0.7164582,-0.6132121,-0.6867311,-0.6465044,-0.6254799,-0.6040037,-0.6881574,-0.8050534,-0.6009781,-0.5555614,-0.4312883,-0.4193229,-0.5271479,-0.5125275,-0.5825031,-0.6672516,-0.6862582,-0.6579014,-0.6196728
HKG,GE,1.5133566,1.2504701,1.5744373,1.5131642,1.6041045,1.756447,1.6859842,1.6855332,1.6388612,1.6058929,1.6227774,1.8817297,1.7309633,1.8462661,1.8408043,1.9071365,1.9265977,1.9404871,1.888806,1.5914491,1.6245817,1.6433381,1.5374202,1.6374532
HUN,GE,0.9862345,0.9692987,0.8500324,0.7962749,0.7528133,0.7191893,0.4939081,0.4953579,0.5418594,0.4504472,0.4689702,0.4322592,0.5712638,0.6662414,0.579719,0.5552886,0.6076573,0.6259032,0.5238239,0.7208016,0.784219,0.657731,0.5461907,0.501908
ISL,GE,1.9624344,2.0283331,2.0805814,1.9606064,2.0321618,1.581421,1.502124,1.6156504,1.636125,1.4263824,1.4235563,1.4729315,1.5285978,1.3980102,1.3946724,1.382973,1.4685991,1.5836283,1.5796502,1.5637066,1.8005665,1.6330091,1.6402729,1.645973
IND,GE,-0.5480326,-0.4818453,-0.4274791,-0.1952701,-0.1809739,-0.1259439,-0.0160503,-0.1554864,-0.0934347,-0.1141477,-0.0726295,-0.0887591,-0.0587027,-0.0134938,0.3968483,0.3761225,0.3527821,0.5015296,0.5054858,0.3492894,0.2400136,0.3392526,0.422603,0.4046051
IDN,GE,-0.5497447,-0.7684151,-0.9085265,-0.7626847,-0.7337593,-0.5173516,-0.4571356,-0.4526811,-0.3302307,-0.2531404,-0.3273953,-0.2570836,-0.1633885,0.3191278,-0.062646,0.1221929,0.1565617,0.2534613,0.3122885,0.213754,0.1470804,0.2328093,0.2732116,0.179804
IRN,GE,-0.5434034,-0.7183696,-0.7233853,-0.6691357,-0.74235,-0.7346343,-0.7287645,-0.7500004,-0.745878,-0.6340289,-0.5369306,-0.5324399,-0.5687029,-0.2574672,-0.1918034,-0.2031626,-0.1973883,-0.2727406,-0.4172702,-0.7071428,-0.6566521,-0.7076616,-0.7402272,-0.7061233
IRQ,GE,-2.0977097,-2.2034847,-2.0070061,-1.5863173,-1.9343147,-1.8349607,-1.6317277,-1.2292464,-1.0843867,-1.1789936,-1.1846155,-1.1168342,-1.0710124,-0.9609496,-1.0793082,-1.0919194,-1.0918167,-1.0744668,-1.1066349,-1.217842,-1.2310377,-1.223854,-1.3398894,-1.1018847
IRL,GE,1.4121198,1.4188657,1.266241,1.330715,1.6000506,1.4595392,1.376367,1.3164903,1.1434304,1.0340843,1.2438016,1.3719864,1.3399878,1.4680962,1.4129064,1.4160358,1.3768564,1.4575251,1.3035565,1.5003528,1.6184384,1.7057914,1.6609005,1.6115533
ISR,GE,1.4483316,1.493446,1.4410103,1.3780584,1.4177286,1.2719866,1.1804772,1.2768979,1.2296943,1.3031018,1.3431697,1.3000012,1.2984187,1.3011387,1.4633523,1.526777,1.545783,1.397369,1.5693245,1.1657244,1.5896737,1.5237704,1.3569151,1.1726244
ITA,GE,0.7494275,0.7774041,0.5560185,0.3632507,0.4420055,0.3090963,0.1999166,0.26155,0.3589566,0.3361573,0.275086,0.4071077,0.4695114,0.3588429,0.3701946,0.4338893,0.3879336,0.4350955,0.4586098,0.5477288,0.574774,0.7178718,0.8533467,0.7922891
JAM,GE,-0.0732758,-0.1277929,-0.12582,-0.0669283,-0.298197,0.1152721,0.0841003,0.1234829,0.1987236,0.1785637,0.165791,0.1538521,0.2032651,0.4521342,0.4342705,0.4750324,0.4596789,0.4999179,0.5016204,0.3867314,0.3396406,0.2544889,0.1649969,0.1712622
JPN,GE,1.4003303,1.3101354,1.2980431,1.3168605,1.4051026,1.4570228,1.2948017,1.2899509,1.3261157,1.3323082,1.3314858,1.3144799,1.4512486,1.7731694,1.7060508,1.8137387,1.7125133,1.8248998,1.8365282,1.8051167,1.653038,2.0307507,1.9883877,2.0879101
JEY,GE,,,,,,,,,,,1.2619702,1.2623876,1.2628538,1.2817081,1.2782314,1.2794399,1.2798324,1.2819869,1.2840869,1.2780893,1.2816485,1.2811126,1.2829987,1.2810034
JOR,GE,-0.1715824,-0.1530624,0.0946268,0.0497677,-0.079024,0.0988902,0.1912328,0.1884765,0.2225533,0.0759657,0.1349915,0.2203515,0.2411636,0.3808336,0.3820942,0.3625455,0.2771646,0.089873,0.011123,0.1138845,0.1228638,0.1428514,0.3908884,0.2162114
KAZ,GE,-1.0960203,-1.1296622,-1.1338646,-0.9256831,-0.9470669,-0.9172701,-0.9265416,-0.8344328,-0.7609,-0.7934049,-0.749787,-0.6199698,-0.5895608,-0.006638,-0.011417,-0.1075078,0.012276,-0.1036204,0.0590993,0.0522732,0.017817,0.1603392,0.1520225,0.1467641
KEN,GE,-0.8436062,-0.9885635,-1.104281,-0.7215366,-0.7229603,-0.6671859,-0.5239398,-0.6190145,-0.6026748,-0.5014835,-0.530936,-0.468612,-0.418694,-0.4155586,-0.3675673,-0.3165797,-0.3033052,-0.3449543,-0.2914418,-0.3759713,-0.3468069,-0.3324798,-0.3131112,-0.2978904
KIR,GE,,,,-0.2313474,-0.4517887,-0.4849567,-0.5215167,-0.5389148,-0.6277076,-0.6677172,-0.6319074,-0.6849304,-0.6847075,-0.411963,-0.4136251,-0.4130473,-0.4128597,-0.4118297,-0.2735346,-0.2571455,-0.2550887,-0.2553984,-0.4079699,-0.4343103
PRK,GE,-2.3693144,-2.4552171,-2.4619061,-1.8807454,-1.9145085,-1.9155395,-1.9139804,-1.935294,-1.743627,-1.4430083,-1.4501116,-1.8048348,-1.8047014,-1.4604904,-1.4614848,-1.4611391,-1.4610269,-1.481926,-1.2531349,-1.2548503,-1.4820228,-1.3350416,-1.2707438,-1.2713102
KOR,GE,0.6589077,1.0191571,0.9613302,0.8638735,1.0210353,0.9280549,1.146123,0.9389247,1.025545,1.2722652,1.323113,1.3333071,1.2238913,1.1863908,1.1983681,1.186349,1.1827271,1.3865026,1.6276354,1.5914906,1.6261842,1.4844938,1.4955907,1.4867237
XKX,GE,,,,,,-0.4671323,-0.4501384,-0.3696506,-0.357306,-0.7120597,-0.6225462,-0.5003296,-0.5481894,-0.290095,-0.339766,-0.3482057,-0.3439391,-0.3269129,-0.3265902,-0.3716021,-0.1579456,-0.0237723,0.0092568,-0.061295
KWT,GE,-0.3057124,-0.0322085,0.1578868,0.1276102,0.0907877,-0.0339183,-0.0808076,-0.0990446,0.1063085,0.1289714,0.0334503,0.0282044,0.016508,0.1409051,0.237773,-0.0028171,-0.0073085,0.1281525,-0.1122757,-0.11216,0.0296612,0.3336204,0.3091212,0.3278963
KGZ,GE,-0.3533817,-0.6029641,-0.6120798,-0.5562428,-0.7841751,-0.8741635,-0.7425505,-0.9613572,-1.001767,-0.7697326,-0.8697708,-0.8926853,-0.8625472,-0.8594428,-0.8949145,-0.8966118,-0.7139172,-0.5418628,-0.6704151,-0.5862513,-0.8422528,-0.9984392,-1.0041023,-0.8885033
LAO,GE,-0.7956793,-1.1502742,-1.5309061,-1.0127681,-1.3102987,-0.9221857,-0.8734057,-0.8754327,-0.8878944,-0.8602557,-0.8422502,-0.8376374,-0.7057833,-0.2761781,-0.3539783,-0.2622768,-0.2334031,-0.649149,-0.7571518,-0.765948,-0.7431648,-0.710404,-0.7534642,-0.5819014
LVA,GE,-0.0326632,0.3505684,0.4408646,0.4196126,0.4020553,0.4270382,0.3072813,0.3403341,0.4275381,0.5604066,0.5698289,0.6097852,0.7056307,0.874541,0.7616412,0.6882968,0.6711156,0.7981066,0.8291601,0.7965198,0.8795712,0.7275574,0.6374221,0.7431802
LBN,GE,-0.0055096,-0.2876732,-0.2919027,-0.1571532,-0.164888,-0.2041281,-0.266994,-0.2995435,-0.3214416,-0.2435528,-0.2594872,-0.2600992,-0.325726,-0.266612,-0.2826924,-0.2459212,-0.2219587,-0.4996897,-0.6222753,-0.9492217,-1.0567104,-1.0420809,-1.1658333,-1.1301199
LSO,GE,0.2369357,0.2686713,0.2562836,-0.4058341,-0.2471195,-0.4790454,-0.5200403,-0.4839484,-0.3333708,-0.3521504,-0.3753852,-0.4430567,-0.4522419,-0.4988176,-0.56995,-0.6209408,-0.6330237,-0.6318314,-0.6744181,-0.7085808,-0.7136054,-0.7479261,-0.7503177,-0.6470887
LBR,GE,-2.0321191,-1.6490728,-1.6557618,-1.6610758,-1.6617126,-1.3070227,-1.3265554,-1.2155432,-1.1046515,-1.0232677,-0.9978425,-0.8815583,-1.1231932,-1.115021,-1.2026737,-1.1576727,-1.1579163,-1.1977202,-1.2862251,-1.3754275,-1.3272215,-1.3315969,-1.2153121,-1.246293
LBY,GE,-1.3518124,-1.4595055,-1.4645212,-1.2264938,-1.3464635,-1.3287689,-1.4187378,-1.3014774,-1.2930174,-1.2821058,-1.2825394,-1.3979031,-1.3728325,-1.5663079,-1.6501127,-1.666709,-1.5287142,-1.5515532,-1.5537488,-1.6327551,-1.4589466,-1.563716,-1.447749,-1.419488
LIE,GE,1.2695506,1.2698018,1.2569496,1.3540817,1.2500659,1.7634272,1.7678826,1.7713578,1.7129995,1.7144028,1.7135772,1.7137852,1.7140174,1.7234083,1.7216767,1.7222786,1.7224741,1.7235472,1.7245932,1.7216059,1.5136251,1.5173885,1.6939974,1.6931644
LTU,GE,-0.0691171,0.5321923,0.7480841,0.5898262,0.6552222,0.549991,0.4643619,0.295576,0.5365352,0.5772759,0.5794635,0.7054268,0.7087016,0.7945609,0.8794501,0.8452214,0.7582409,0.86117,0.8510012,0.9591268,0.9787009,0.9431482,0.9448653,1.2014922
LUX,GE,1.9764288,2.217132,2.0282325,1.9125262,1.7422656,1.8449016,1.8128865,1.8311499,1.9030234,1.8503746,1.9488475,1.9034421,1.8352325,1.8322174,1.8995712,1.8926746,1.9443969,1.9421635,1.9821714,1.9824291,1.9512038,1.9655271,2.1455984,2.0397137
MAC,GE,0.2369357,0.7534943,1.2569496,1.3123599,1.2500659,0.7308122,0.7352677,0.7387428,1.0837386,1.0851419,1.0843163,0.6871473,0.6873796,1.3260314,1.3242998,1.1151481,1.3250972,1.1164167,1.1174627,1.1144754,1.1162482,1.1159813,1.1169207,1.1159269
MDG,GE,-0.973968,-0.5079696,-0.8781019,-0.675701,-0.5664991,-0.5842788,-0.4517328,-0.5164841,-0.5389524,-0.6564666,-0.7418961,-0.908933,-0.9315533,-0.9922593,-0.9995334,-0.8355651,-0.819978,-0.8877092,-0.867749,-0.9069144,-0.9458829,-0.9182243,-0.9548243,-0.8631928
MWI,GE,-0.6059151,-1.0005233,-1.1331279,-0.9782063,-0.9423736,-0.8616703,-0.8044334,-0.6552057,-0.5518949,-0.5426828,-0.5839959,-0.5762271,-0.5704237,-0.542739,-0.5855031,-0.6089526,-0.5782225,-0.6337095,-0.686037,-0.7484164,-0.6797637,-0.7814562,-0.7685413,-0.7257604
MYS,GE,0.8746597,0.9197187,0.9352283,0.8416173,0.7787884,0.825717,0.892499,0.7810639,0.7061109,0.9606573,0.9015908,0.8762495,0.8710349,0.9192375,0.8365268,0.7772776,0.7610752,0.8592296,0.8172716,0.8675226,0.8036415,0.7857271,0.7474758,0.9147725
MDV,GE,0.7532431,0.7534943,0.7406422,0.1883553,-0.0164818,-0.018205,-0.0155991,-0.1240919,-0.1568621,-0.0057589,-0.0970952,-0.0383274,-0.0966727,-0.1718945,-0.232125,-0.06644,-0.3095637,-0.3083187,0.0070407,-0.0983055,0.1471021,-0.2212354,-0.2203449,-0.221287
MLI,GE,-1.3577285,-0.8107898,-1.0756994,-1.0002198,-0.887585,-0.9167964,-0.8640029,-0.8339004,-0.8048193,-0.9244336,-0.8221921,-0.9100926,-0.8529578,-1.0499743,-0.9383384,-0.929614,-0.8719879,-0.9789893,-1.0954319,-1.1224054,-1.1810763,-1.2060162,-1.2258828,-1.2871409
MLT,GE,0.8051389,0.8053029,0.7114165,0.6858015,0.8230735,0.9316963,1.0171682,1.1402107,0.9895339,0.9877609,0.9882811,1.0718539,1.1879853,1.0645056,1.008955,1.1103655,1.0116786,1.0139731,0.9937489,1.0778299,1.0227164,0.9128888,0.7610244,0.622496
MHL,GE,,,,,-0.6106585,-0.8708568,-0.9748603,-0.9595638,-0.9670683,-0.7741146,-1.2346237,-1.2342386,-1.202114,-1.1847221,-0.316748,-0.3160496,-0.3158228,-0.3344329,-0.3332193,-0.21495,-0.2128932,-0.1660294,-0.1651389,-0.2909441
MTQ,GE,0.7532431,0.7534943,0.7406422,0.4779236,0.7337585,0.7308122,0.7352677,0.7387428,0.7508772,0.7531799,0.7518252,0.7521664,0.7525475,1.1121628,1.1093212,1.110309,1.1106297,1.1123907,1.1141072,1.109205,1.1121142,1.214283,0.9540388,0.9528002
MRT,GE,-0.2793718,-0.2791206,-0.2919728,-0.5791924,-0.6774526,-0.8516161,-0.7673541,-0.9346936,-0.7632987,-0.5153748,-0.505274,-0.6504224,-0.8307826,-0.8456369,-0.9313712,-0.8954385,-0.8206663,-0.8343637,-0.8240741,-0.9008005,-0.8482903,-0.87695,-0.8187577,-0.7412473
MUS,GE,0.4142593,0.5783874,0.5883142,0.571632,0.6077906,0.6104298,0.6110366,0.8303882,0.7962256,0.7333444,0.7467754,0.98957,0.9262441,1.052631,1.0592368,1.1005388,1.0288458,0.9336102,0.8595784,0.8319144,0.738763,0.7319597,0.823778,0.7653533
MEX,GE,0.01828,-0.3151304,-0.2703013,-0.2433608,-0.1302682,-0.0851155,-0.1597859,0.0066138,0.103917,-0.0704234,0.0989004,0.198193,0.2228276,0.131427,0.0999957,0.1280596,0.0099863,-0.0269292,-0.0086685,-0.0462658,-0.0457429,-0.0874176,-0.0748652,-0.2199329
FSM,GE,,,,-0.1479039,-0.3495235,-0.3523272,-0.4549879,-0.478406,-0.4668586,-0.4379422,-0.691111,-0.6908698,-0.6707454,-0.1731488,-0.1751578,-0.1744595,0.0691179,0.0703629,0.0007813,0.1389059,0.1409627,-0.0852637,-0.0843731,-0.1847801
MDA,GE,-0.6693344,-0.7261883,-0.7311657,-0.8264427,-0.9015247,-0.8426635,-0.7566373,-0.7274061,-0.7462463,-0.6041275,-0.5793138,-0.5624904,-0.5012795,-0.4639188,-0.6288785,-0.6014068,-0.4025781,-0.2156019,-0.2731316,-0.2721944,-0.2101436,-0.133791,-0.0336705,0.2576379
MCO,GE,,,,,,,,,,,,,,,1.7977313,1.7987191,1.7990398,1.8008008,1.8025173,1.7976151,1.8005243,1.7371134,1.7382842,1.7370456
MNG,GE,-0.5902075,-0.4417254,-0.4602942,-0.4188564,-0.5956412,-0.5722669,-0.6715084,-0.6861459,-0.6265816,-0.5374241,-0.5445631,-0.5466493,-0.5000373,-0.304773,-0.3329464,-0.3588602,-0.4472314,-0.2974017,-0.3385736,-0.311667,-0.3519979,-0.2986908,-0.3639023,-0.3892189
MNE,GE,,,,,,0.1240062,-0.3320251,-0.2727389,-0.1421388,-0.3366901,-0.3313272,-0.0931564,-0.008552,0.3125985,0.3138915,0.2498332,0.2868544,0.190468,0.2001456,0.0904093,-0.0246249,0.0193238,0.2766963,0.3664948
MAR,GE,-0.0055096,-0.2675859,-0.2984293,-0.3771806,-0.5017546,-0.3257233,-0.2764328,-0.3040519,-0.2775582,-0.1168914,-0.1652959,-0.2011827,-0.2189575,-0.2696224,-0.2363813,-0.1396764,-0.2631327,-0.3161959,-0.1333028,-0.0577222,-0.1241745,-0.1200179,-0.0188321,0.1763559
MOZ,GE,-0.6090516,-0.7890387,-1.0136614,-0.7991638,-0.746992,-0.6705936,-0.5972324,-0.5785872,-0.4475614,-0.6480562,-0.7025583,-0.5577083,-0.5437435,-0.5716435,-0.580096,-0.6823519,-0.6898963,-0.6871201,-0.6500468,-0.8223436,-0.8185849,-0.7706816,-0.7779692,-0.7157933
MMR,GE,-1.3518124,-1.5711763,-1.576192,-1.6415171,-1.7237552,-1.5909977,-1.5894841,-1.6096857,-1.6679918,-1.3166107,-1.3109568,-1.5557382,-1.5485581,-1.3003242,-1.2574663,-1.1523629,-1.2517085,-1.3199541,-1.3177807,-1.318284,-1.5416258,-1.6445781,-1.5813496,-1.5583075
NAM,GE,0.4698725,0.139743,0.1683865,0.1048886,0.0443144,0.2765043,0.2960431,0.3728454,0.4732973,0.2412293,0.1893853,0.3978933,0.3354358,0.3164678,0.2927673,0.2349555,0.2683997,0.3136094,0.2867851,0.1498863,0.1596202,0.165395,0.1539385,0.0993431
NRU,GE,,,,,,,-0.4804008,-0.3414891,-0.2880778,-0.2779419,-0.2839049,-0.282403,-0.2807257,-0.212894,0.0078711,-0.0446392,-0.044334,0.2848959,-0.0410247,-0.0456897,-0.0429213,-0.0433382,-0.0418711,0.0100272
NPL,GE,-0.7956793,-1.0473603,-1.0566051,-0.7174016,-0.9213844,-1.0330024,-0.946673,-1.0164892,-0.7872136,-0.6925409,-0.7963154,-1.1094999,-1.0517978,-0.8952954,-1.1633739,-0.9818725,-0.9277366,-0.9143987,-1.1116758,-1.0263856,-0.9460782,-0.9545158,-0.844048,-0.8845295
NLD,GE,2.0986317,2.0845535,1.953188,1.8519422,1.9473728,1.75539,1.7574727,1.7685675,1.7769018,1.7362289,1.853741,1.9206541,1.8904217,1.9168757,1.9280339,1.9619805,2.0046983,2.0295602,2.0639557,2.0397583,1.8535742,1.7650127,1.7511282,1.7519974
ANT,GE,,,,0.7699764,0.7337585,0.7308122,0.7352677,0.7387428,0.7508772,0.7531799,0.7518252,0.7521664,0.7525475,0.767958,0.7651163,0.7661041,0.7664249,,,,,,,
NCL,GE,,,,,,,,,,,,,,,,,,,,,,,,
NZL,GE,1.7800027,2.0369265,2.0022757,1.798038,1.9120353,1.8456251,1.8177905,1.8174015,1.9669744,1.8083666,1.9627757,1.9728103,1.9354282,2.0335793,1.9501288,1.8226403,1.7876311,1.7035417,1.6838138,1.6915539,1.6029686,1.656508,1.7271046,1.8491848
NIC,GE,-1.3307093,-1.3375375,-1.3204115,-1.0683834,-0.9910403,-0.8846034,-0.8746319,-0.9073504,-0.8378983,-0.8157756,-0.8011848,-0.7538922,-0.7345757,-0.7610142,-0.7548907,-0.786049,-0.4977075,-0.7706904,-0.7436807,-0.7981834,-0.7550562,-0.9210621,-0.9367708,-1.0529768
NER,GE,-1.3111633,-1.0453991,-1.0520881,-0.8354534,-0.7441785,-0.8062253,-0.8180005,-0.7451343,-0.6827442,-0.7350007,-0.695647,-0.5898721,-0.6374806,-0.5887916,-0.5908565,-0.5660437,-0.654903,-0.6127385,-0.6646514,-0.6573807,-0.6395047,-0.644957,-0.6115289,-0.7696662
NGA,GE,-1.2673021,-1.526427,-1.3727196,-1.0917105,-1.0897789,-1.0454643,-0.9559052,-1.0168012,-1.1203412,-1.1375966,-1.1214371,-0.9699142,-0.9819811,-1.0549073,-0.9138838,-0.9191662,-0.8608661,-0.8458382,-0.9678483,-0.9841775,-1.0500622,-1.056847,-0.8677545,-1.0065889
NIU,GE,,,,,,,,,-0.6786824,-0.623591,-0.6264635,-0.62574,-0.624932,-0.5922574,-0.5982824,,,,,,,-1.3275705,-1.3207847,-1.3279634
MKD,GE,-1.0517492,-0.6266164,-0.7460712,-0.2049756,-0.4250752,-0.3434785,-0.3422349,-0.2809392,-0.2346589,-0.522895,-0.3540498,-0.0959845,-0.0831043,0.1406151,-0.0722863,-0.1218578,-0.0997098,0.0333879,-0.1182044,-0.0922934,-0.0787865,0.0111046,0.022351,-0.0323427
NOR,GE,1.9102227,1.8984462,1.8614686,1.8956582,1.8964957,1.938595,1.9141752,1.7167729,1.7868741,1.7800228,1.8129314,1.9504302,1.9341009,1.9539907,1.9270491,1.9604222,2.0636859,1.9374028,1.9446493,1.9498703,1.9916736,1.8212872,1.7870167,1.843057
OMN,GE,-0.0055096,0.1056215,0.2957168,0.1866734,0.2931176,0.1659918,0.1196741,0.2438058,0.2643655,0.3192865,0.0808802,0.0510827,-0.0148917,0.138753,0.0805474,0.1613756,0.1108223,0.1114018,0.2040481,0.1018136,0.102771,0.4468675,0.4719959,0.5675096
PAK,GE,-0.5434034,-0.6066987,-0.793561,-0.6574624,-0.6434104,-0.5367579,-0.5280229,-0.7930155,-0.7786638,-0.7771494,-0.8257262,-0.6500645,-0.6600164,-0.6822115,-0.6105847,-0.5304516,-0.4213336,-0.5073376,-0.4968027,-0.6149668,-0.5170351,-0.682084,-0.6585378,-0.6003273
PLW,GE,,,,,,,,-0.4651042,-0.411693,-0.5251718,-0.2839049,-0.282403,-0.2807257,-0.212894,-0.3196826,-0.3187426,-0.3184374,0.0107921,0.0124256,-0.0189646,-0.0161962,-0.0433382,-0.0418711,0.0100272
PAN,GE,-0.0550961,-0.1992295,-0.2413468,-0.1354879,-0.1164168,-0.041967,0.0608038,0.0294371,0.0974308,0.1224424,0.1252675,0.2315672,0.2144279,0.22621,0.3209871,0.3973659,0.343385,0.3258151,0.4971964,0.2314559,0.2101815,0.0399223,0.0311824,0.2451472
PNG,GE,-0.5434034,-0.7183696,-0.7233853,-0.5305369,-0.9362249,-0.735262,-0.7193402,-0.649118,-0.6690648,-0.6857865,-0.6833058,-0.6577442,-0.6662105,-0.7337737,-0.7346421,-0.8173469,-0.7120555,-0.6966528,-0.7267308,-0.8860451,-0.9081302,-1.0845367,-1.0841072,-0.9004467
PRY,GE,-1.2376909,-1.3698159,-1.3719231,-1.1021491,-0.9710489,-0.8984078,-0.8949391,-0.8423313,-0.7789347,-0.7673432,-0.7523261,-0.7641432,-0.7612361,-0.738454,-0.7854223,-0.6786705,-0.6426736,-0.4995478,-0.4663941,-0.6074736,-0.5769998,-0.4957842,-0.337846,-0.3545101
PER,GE,-0.485028,-0.6468917,-0.8784706,-0.7658359,-0.7258651,-0.6681768,-0.649256,-0.6119587,-0.400989,-0.1977807,-0.1629382,-0.1098429,-0.1051566,-0.1988026,-0.2487592,-0.1706909,-0.0734623,-0.1608169,0.0476235,-0.1062995,-0.0563454,-0.0885376,-0.1970541,-0.2004128
PHL,GE,-0.3125616,-0.3913156,-0.4188308,-0.2602502,-0.1470565,-0.0535938,0.0343449,-0.0220572,-0.0291995,-0.0031122,0.0797874,0.2234508,0.2427988,0.4543872,0.408021,0.2499539,0.1764345,0.2184254,0.1818096,0.1815124,0.1562797,0.0357929,0.1018162,0.1445214
POL,GE,0.4025763,0.2937024,0.4637907,0.2850646,0.4613517,0.3072557,0.2285767,0.4094615,0.4671032,0.5474147,0.5785731,0.600245,0.654327,0.9088197,0.8717909,0.7500075,0.6233831,0.6921258,0.6631417,0.6765763,0.5887761,0.515427,0.6341038,0.6734027
PRT,GE,0.8553001,1.095738,0.873877,0.6863332,0.7312815,0.830174,0.8094818,0.8929799,1.0070756,0.7342202,0.8580472,0.9121335,0.9144388,0.93359,1.1121757,1.0935326,1.2300446,1.0601732,1.0136875,1.0987347,1.1677599,1.0219923,0.9658494,0.9474847
PRI,GE,1.2695506,1.2698018,1.2569496,0.8116982,1.2500659,0.5305817,0.4813105,0.4957266,0.2143315,0.2054335,0.2062903,0.2495152,0.2097549,0.3603437,0.3197528,0.3202012,-0.4882361,-0.3311988,-0.2281626,-0.3930492,-0.3916752,-0.5483655,-0.3079002,-0.2552121
QAT,GE,0.2321815,0.2768075,0.2719548,0.2416782,0.2088576,0.3929576,0.6423548,0.7154209,1.0264191,0.964407,1.0080412,0.9747888,1.1397085,0.9830148,1.0340695,1.0292498,0.9701164,0.8061951,0.9423676,0.9642748,1.1277682,1.189094,1.1464253,1.1342702
REU,GE,,,,0.7699764,0.217451,0.2145048,0.2189602,0.2224354,0.2345697,0.2368725,0.2355177,0.2358589,0.23624,1.1121628,1.1093212,1.110309,1.1106297,1.1123907,1.1141072,1.109205,1.1121142,1.1116761,0.7690129,0.767382
ROU,GE,-0.6395683,-0.4750729,-0.5893426,-0.3220772,-0.515835,-0.4530336,-0.4804629,-0.5057909,-0.4998865,-0.2261464,-0.1785126,-0.190389,-0.0458649,-0.0498234,-0.0115775,-0.1192185,-0.1200618,-0.102107,-0.1453557,-0.2499801,-0.0777119,0.199031,0.1319311,0.4181246
RUS,GE,-1.0286026,-0.7825676,-0.7944965,-0.6794491,-0.8523204,-0.8221012,-0.7227308,-0.7626089,-0.8040229,-0.8080704,-0.8085636,-0.8315588,-0.7385077,-0.1991364,-0.3224347,-0.3261886,-0.2168885,-0.1630089,0.0414379,-0.0432286,-0.1170517,-0.2086802,-0.208478,-0.3215539
RWA,GE,-1.3119868,-1.4187474,-1.4279922,-0.7008306,-0.7309658,-0.3694329,-0.3725434,-0.2446266,-0.2354249,-0.1329288,-0.1196507,-0.0899578,-0.0092551,-0.0403257,-0.0496198,0.1202434,0.316719,0.2772379,0.2289518,0.2606136,0.2102834,0.3684478,0.4086662,0.3489076
WSM,GE,-0.2793718,-0.2791206,-0.2919728,-0.2730692,0.0808821,0.0080041,-0.008701,-0.006244,-0.0183815,-0.0602476,-0.0422035,-0.042004,0.0167872,0.6297671,0.6281051,0.8251774,0.8254042,0.8266492,0.5845121,0.5102513,0.512308,0.2181469,0.419559,0.4344899
SMR,GE,,,,,,,,,,,,,,,1.4535264,1.4545142,1.454835,1.456596,1.4583124,1.4534103,1.4563194,1.1591046,0.8988601,0.8976214
STP,GE,-0.7956793,-0.7954281,-0.8082803,-0.8252022,-0.9139256,-1.0189826,-0.8843441,-0.7813194,-0.7775256,-0.816785,-0.7454739,-0.7847882,-0.8437148,-0.7347455,-0.6582286,-0.5965439,-0.5457336,-0.3812301,-0.45934,-0.4887191,-0.5922232,-0.6505091,-0.6767276,-0.7186738
SAU,GE,-0.3057124,-0.5506885,-0.5549181,-0.5261233,-0.4659579,-0.1934412,-0.1403004,-0.0728211,-0.0481148,0.0891481,0.0088158,-0.0069962,-0.0761056,0.075289,0.0852229,0.2818788,0.1769432,0.2655112,0.261925,0.1079226,0.3884752,0.5143289,0.725856,0.7833016
SEN,GE,-0.5762275,-0.5402625,-0.7534935,-0.6247635,-0.5398674,-0.5239389,-0.4434196,-0.268235,-0.341083,-0.2855436,-0.250523,-0.23996,-0.1805346,-0.1242113,-0.1627129,-0.184756,-0.029733,-0.0860241,0.1244277,0.0852361,0.1309278,0.1203621,0.1516215,0.2344127
SRB,GE,-0.8473973,-0.4634859,-0.615935,-0.282202,-0.4140273,-0.3385077,-0.3493065,-0.3257368,-0.2327865,-0.2327326,-0.2899811,-0.2926172,-0.2470451,0.1058443,-0.0428976,0.0587501,0.1137013,0.1424118,0.0665414,0.0476746,0.0628473,0.1788279,0.1035439,0.1019486
SYC,GE,0.7532431,0.7534943,0.7406422,0.2778055,0.3379987,0.3364771,0.3387781,0.3405729,0.5982831,0.5994724,0.5987727,0.710415,0.6404284,0.5730461,0.6575775,0.8131034,0.6187826,0.6505108,0.5618507,0.4965414,0.5612215,0.4110747,0.5293894,0.6267672
SLE,GE,-2.0321191,-2.0748084,-2.0814973,-1.389721,-1.3399958,-1.1966279,-1.140469,-1.1735954,-1.1859345,-1.1431255,-1.1333977,-1.1025719,-1.1086375,-1.0481377,-1.1514848,-1.0441405,-1.0168171,-0.9745858,-1.043917,-0.9569812,-1.0121827,-0.9583479,-0.9544905,-0.9671017
SGP,GE,2.3451859,2.067514,2.0823753,2.1566811,2.1744068,2.1986117,2.2797329,2.2929989,2.1610477,2.1773529,2.1271599,2.2446934,2.1745281,2.1621771,2.1874773,2.2456127,2.2158807,2.2170172,2.2442216,2.2154522,2.2180671,2.2013027,2.2622865,2.2796267
SVK,GE,0.5075292,0.385846,0.5256977,0.7232277,0.8709154,0.7019393,0.5945746,0.6389642,0.6598655,0.4626046,0.4763801,0.5189099,0.4696274,0.7131474,0.6446273,0.7302475,0.5705986,0.5296453,0.4384097,0.6975922,0.7366757,0.7960113,0.5846525,0.6575804
SVN,GE,0.4727281,0.6521271,0.8180105,0.7788662,0.7518842,0.7848765,0.7581241,0.9823881,1.0084685,0.7931021,0.8262377,0.8612844,0.8307889,1.0300379,1.0221829,1.2000081,1.2399184,1.3001457,1.2721351,1.3704336,1.3440925,1.2580894,1.1624609,1.0893351
SLB,GE,,,,-1.0657837,-0.7548241,-0.8277022,-0.9444347,-0.9518203,-0.8732555,-0.9125086,-0.8613809,-0.8057801,-0.8641254,-0.8833666,-0.8850286,-0.8844509,-1.0855854,-1.1009813,-0.9726212,-0.976087,-1.1196101,-0.9101515,-0.9093907,-0.8686192
SOM,GE,-2.0321191,-1.9177876,-2.1931913,-1.9237324,-2.0274329,-2.0283787,-2.0269485,-2.0206663,-1.9129536,-2.0844758,-2.091057,-2.0650563,-2.0903583,-2.2056492,-2.050969,-1.9766562,-2.0010028,-2.0330208,-2.0111906,-1.9389024,-1.9635446,-1.9456879,-1.8653529,-1.9500523
ZAF,GE,0.4728977,0.4291216,0.4573859,0.4701653,0.4932407,0.382498,0.3321647,0.3051168,0.3762598,0.2719786,0.3051973,0.3162949,0.3334887,0.331414,0.2444848,0.2013163,0.2227717,0.148105,0.1893815,0.0953251,0.0420935,-0.0015597,-0.18467,-0.2259135
SSD,GE,,,,,,,,,,,-1.5763107,-1.4942658,-1.6555038,-1.8301131,-1.981766,-2.0530042,-2.1382221,-2.0765061,-2.094822,-2.1630866,-2.2425859,-2.2168775,-2.2060236,-2.1728459
ESP,GE,1.5699109,1.7932971,1.7833136,1.1933,1.3037255,1.0174137,1.1248022,1.0498806,0.9351955,0.7962866,0.8760127,0.9026107,1.0239507,1.0206256,1.0684401,1.0540321,1.0199904,1.0702333,1.118598,1.0477979,1.1202722,1.1419015,1.0779914,1.110811
LKA,GE,-0.4898792,-0.1141382,-0.3891401,-0.4611783,-0.356012,-0.2889264,-0.2217118,-0.2277659,-0.0956118,-0.185523,-0.1636119,-0.1739743,-0.1437062,0.1397088,0.0898368,-0.0370535,-0.0698946,-0.0975671,-0.0713311,-0.1134357,-0.2353399,-0.5037831,-0.2845545,-0.2745215
KNA,GE,,,,0.2202897,0.9774621,0.9751875,0.9786272,0.9813102,0.9906783,1.2694874,1.2681327,1.2684739,1.268855,0.4237531,0.7651163,0.7661041,0.7664249,0.7681859,0.7699023,0.7650002,0.4237045,0.691453,0.6926238,0.6913852
LCA,GE,,,,0.1558686,0.8143569,0.7522179,0.8152667,0.8173616,0.8850395,1.0666286,1.0656351,0.8304307,0.8306604,0.2608582,0.1384193,0.1993777,0.1995711,0.2006326,0.3009665,0.1183828,-0.1319064,0.1826232,0.3883874,0.2682296
VCT,GE,,,,0.2202897,0.7539939,0.7522179,0.8152667,0.8173616,0.8246763,0.9931941,0.9922006,0.9924508,0.9927303,0.2995406,0.2974567,0.5506037,0.5508389,0.5521303,0.5533891,0.2973715,0.2995049,0.5327234,0.3287938,0.2682296
SDN,GE,-1.1141214,-1.3417643,-1.5482743,-1.2874759,-1.4477557,-1.1696408,-1.1761874,-1.3101006,-1.2261288,-1.3183855,-1.3212982,-1.3159644,-1.3113659,-1.3093428,-1.29343,-1.2725849,-1.2418267,-1.4919119,-1.4191967,-1.4293287,-1.4426029,-1.5360265,-1.7726125,-1.7939362
SUR,GE,0.0841831,0.0843471,0.0759535,-0.0139317,-0.0194842,-0.2680753,-0.2772383,-0.1531153,-0.0691151,-0.0683329,-0.1072418,-0.0014193,-0.0111246,-0.0642884,-0.0652263,-0.0344665,-0.1271799,-0.126515,-0.1395824,-0.1418392,-0.2989605,-0.3711426,-0.3705232,-0.4542917
SWE,GE,1.9550059,2.0265584,1.9819325,1.844262,1.82866,1.8190325,1.9768861,1.9772535,2.0610008,1.9458769,1.9837783,1.9998087,1.9430235,1.916558,1.8309837,1.8116503,1.8765903,1.9184315,1.8924006,1.980777,1.9668155,1.9149251,1.6930218,1.7746948
CHE,GE,2.0696735,2.0721562,2.0303577,1.9871918,1.9793939,1.8501751,1.8757502,1.8685125,1.8264497,1.7959169,1.8422401,1.9392653,1.8855359,2.0976109,2.0359711,2.0910112,2.0953521,2.1122705,2.0556232,1.9595956,2.0800555,2.0265432,2.0409373,1.8402935
SYR,GE,-1.1141214,-1.2580112,-1.4645212,-1.2334155,-1.2776173,-1.0222956,-0.9596008,-0.7743568,-0.7147461,-0.6941611,-0.6889793,-0.9278318,-1.1353579,-1.0163507,-1.2458592,-1.4709651,-1.4708561,-1.4702578,-1.5891645,-1.4732889,-1.5265647,-1.6148921,-1.6144064,-1.6726478
TWN,GE,0.9482813,0.9515099,1.0403412,1.1109709,1.1757809,1.0725561,1.0687537,1.0994634,1.179101,1.2392717,1.2663737,1.3078306,1.2675352,1.3549918,1.3686773,1.3582826,1.2823288,1.4392244,1.5089236,1.5585386,1.456217,1.4778316,1.5218649,1.4952103
TJK,GE,-1.3119868,-1.4305919,-1.4397076,-1.1951378,-1.2739975,-1.3043531,-1.2267863,-1.2325335,-1.2017414,-1.0335009,-1.0684724,-0.9961009,-1.005023,-0.7049542,-0.7357851,-0.7803613,-0.6988972,-0.6890098,-0.7757829,-0.7639755,-0.8282832,-0.7979088,-0.7683569,-0.6009336
TZA,GE,-0.8139186,-0.6803632,-0.7768612,-0.7137614,-0.5367346,-0.4249643,-0.4095029,-0.5164704,-0.460575,-0.4529236,-0.4921375,-0.6013173,-0.572305,-0.4823648,-0.3870031,-0.3515643,-0.357548,-0.4659659,-0.5098718,-0.4883765,-0.4868409,-0.4272502,-0.4051307,-0.2924507
THA,GE,0.2796884,0.1054802,0.1883012,0.1673729,0.2466566,0.1709682,0.1510563,0.1042204,0.2394144,0.1380751,0.1220647,0.1802694,0.1498463,0.1288639,0.0674039,0.0943555,0.1567658,0.1754361,0.1402125,0.1171649,0.2086191,0.2274924,0.3053878,0.2536395
TLS,GE,,-0.2791206,-0.8082803,-0.482983,-1.1596227,-1.2069448,-1.2030344,-1.1614397,-1.1899933,-1.3207151,-1.2698351,-1.2575331,-1.3311928,-0.9889919,-0.989997,-0.9896476,-0.9895342,-0.9782332,-0.7176481,-0.7196526,-0.7316257,-0.7602183,-0.8550468,-0.8985623
TGO,GE,-1.3577285,-1.6490728,-1.6557618,-1.5516729,-1.7107333,-1.5805805,-1.5533698,-1.5008022,-1.4472257,-1.3557662,-1.3539094,-1.2258191,-1.2580077,-1.0881788,-1.0884773,-0.9579705,-0.9832841,-0.940524,-0.8320045,-0.8829002,-0.8770126,-0.9684392,-0.9176855,-0.8014589
TON,GE,,,,-0.6902873,-0.6443191,-0.6464021,-0.4930368,-0.3886998,-0.2923036,-0.2619455,-0.3146581,-0.3144585,-0.3142357,-0.120326,-0.1242041,-0.1236263,0.0778836,0.2057207,0.2067246,0.0702951,0.0719966,-0.2444921,-0.143802,-0.0372776
TTO,GE,0.5944225,0.4776699,0.4264333,0.2994308,0.0593739,0.0759527,0.1300036,0.1078319,0.2485024,0.24572,0.2902226,0.3322107,0.2928125,0.3320818,0.3121512,0.3139235,0.3282247,0.3688655,0.2861217,0.3455076,0.332159,0.1507374,0.1511968,0.1112932
TUN,GE,0.5323842,0.4587511,0.2272092,0.2763063,0.267202,0.5228632,0.5739597,0.5209222,0.5437486,0.351978,0.1431788,0.1317565,-0.0619573,-0.0117935,-0.0139339,-0.0573078,0.0523774,0.1031302,0.0551904,-0.0327607,-0.0145067,-0.1524479,-0.1684668,-0.2393469
TUR,GE,-0.2793402,-0.0763253,-0.1220872,0.0811852,0.04984,0.0791777,0.1916776,0.1301583,0.2313188,0.2639953,0.3221463,0.3847742,0.3007252,0.4793163,0.3331512,0.2092276,0.2874577,0.0477841,0.2099076,0.070917,0.0250833,-0.0247939,-0.114085,-0.0707153
TKM,GE,-1.3119868,-1.727489,-1.7367337,-1.4875047,-1.7370739,-1.4764131,-1.4742196,-1.4566604,-1.4506865,-1.711664,-1.712331,-1.3204803,-1.3407027,-0.6086527,-0.6117733,-0.7981201,-0.8883327,-0.9218369,-0.8217713,-0.9866751,-0.9853009,-0.4858079,-0.4851745,-1.0591384
TUV,GE,,,,-0.7320091,-0.4029738,-0.4057775,-0.4282627,-0.4249557,-0.3866832,-0.3577668,-0.3590559,-0.5803645,-0.5800951,-0.8125506,-0.9871153,-0.986417,-0.7428394,-0.5690388,-0.5678253,-0.5712911,-0.4276442,-0.4080989,-0.5905787,-0.6909856
UGA,GE,-0.5434034,-0.4743997,-0.6535393,-0.5475574,-0.610698,-0.5128808,-0.4501491,-0.5348749,-0.485208,-0.4480976,-0.477397,-0.5124134,-0.4771163,-0.3073649,-0.3049149,-0.378526,-0.3645281,-0.4963721,-0.5169667,-0.5765401,-0.5687509,-0.5149724,-0.4315787,-0.3501362
UKR,GE,-1.0286022,-1.0173133,-0.9148617,-0.7853926,-0.8795064,-0.8759033,-0.7953472,-0.825253,-0.8187084,-0.8109626,-0.8250636,-0.6959142,-0.7401478,-0.5207145,-0.5539736,-0.5158451,-0.4837223,-0.3631939,-0.3729409,-0.3827228,-0.4048591,-0.6371971,-0.5803376,-0.5988431
ARE,GE,0.7403877,0.8507318,0.8458791,0.5800975,0.6201962,0.87732,0.9034445,0.8286183,0.8843205,0.8322561,0.9928203,1.1560961,1.1923106,1.4160016,1.4040254,1.4113666,1.3782191,1.4114572,1.3982083,1.0036502,1.0744083,1.133184,1.3100836,1.2599659
GBR,GE,1.7413326,1.7830545,1.6613602,1.5846989,1.8367501,1.7080687,1.6664793,1.7054858,1.4845712,1.4807208,1.4681563,1.5077865,1.4464475,1.6582915,1.6362652,1.6528388,1.5660677,1.5248207,1.3966716,1.3728014,1.3289695,1.2932604,1.1378943,1.1849099
USA,GE,1.8902073,1.9329717,1.6606418,1.631481,1.6184563,1.5496392,1.5470008,1.5125018,1.426754,1.4295364,1.4578633,1.5288502,1.5525204,1.6003318,1.5727519,1.5920786,1.5989168,1.6426557,1.5492277,1.4026997,1.4427774,1.4713232,1.3585237,1.3599787
URY,GE,0.4115084,0.5051999,0.4907809,0.2761452,0.5531436,0.5439623,0.5605234,0.629273,0.6581432,0.6600282,0.5985767,0.4912679,0.4841046,0.6667986,0.6355429,0.5902569,0.4897994,0.5413347,0.6879853,0.7691696,0.8270962,0.8993588,0.8539851,0.6904799
UZB,GE,-1.1563903,-1.6080262,-1.6142928,-1.3575754,-1.3893207,-1.3757921,-1.1645575,-1.0113214,-0.9400214,-1.1490114,-1.1231157,-1.1456714,-1.1087144,-0.6758124,-0.6172446,-0.5969381,-0.5185929,-0.5399603,-0.5008385,-0.656688,-0.3035457,-0.3830537,-0.2985744,-0.1435922
VUT,GE,,,,-0.314791,0.2782634,0.2761804,-0.0658407,0.0272666,-0.0038645,0.1082686,0.1073108,0.087697,0.0879664,-0.48966,-0.7359427,-0.735365,-0.7351774,-0.4375039,-0.6963905,-0.757826,-0.8022922,-0.8025484,-0.8432371,-0.8168523
VEN,GE,-1.0116408,-1.3457593,-1.1702922,-1.1337191,-0.9904699,-0.9983667,-0.9001331,-0.9298126,-0.8357299,-1.0472523,-1.0964067,-0.9258987,-0.9532104,-1.0075778,-1.0199503,-1.0747796,-1.1922782,-1.5959536,-1.5974656,-1.562144,-1.5198422,-1.5015522,-1.4324209,-1.4662497
VNM,GE,-0.6960312,-0.7143553,-0.6782287,-0.6498715,-0.4528703,-0.4177643,-0.4295851,-0.3687546,-0.3193011,-0.3572817,-0.3408009,-0.3349164,-0.3212997,0.0813258,0.0996825,0.0543506,0.070354,0.018463,0.0409358,0.0679668,0.0482402,-0.1033176,-0.1794045,-0.0922968
VIR,GE,,,,0.6448107,1.2500659,1.2471197,1.2515751,1.2550503,1.2671846,1.2694874,1.2681327,1.2684739,1.268855,1.4563681,1.4535264,1.4545142,0.7664249,0.7681859,0.7699023,0.4207953,0.4237045,0.3748592,0.37603,0.3747914
PSE,GE,-1.3119868,-1.3117356,-1.3245877,-0.4663709,-0.9673051,-0.8674602,-0.7853423,-0.84706,-0.389052,-0.1372251,-0.4514793,-0.4729661,-0.4666828,-0.2718704,-0.2500245,-0.3087974,-0.1394848,-0.4655951,-0.4472111,-0.4497852,-0.6289954,-0.7155811,-1.0419917,-1.0985907
YEM,GE,-1.1141214,-1.2300935,-1.2351091,-1.2062033,-1.0249781,-0.8222087,-0.8121396,-0.8114389,-1.0025363,-1.0335936,-1.1690203,-1.1932888,-1.1173743,-1.4175217,-1.5567828,-1.647243,-1.7355866,-1.9357427,-1.9649799,-2.0039308,-1.9786346,-1.799293,-1.8878464,-1.8727982
ZMB,GE,-1.3518124,-1.0635366,-1.2111566,-1.0241145,-0.9222126,-0.9621106,-0.8891345,-0.8077746,-0.7010667,-0.7193465,-0.5109032,-0.5002823,-0.5312299,-0.4462427,-0.529713,-0.5286172,-0.4632759,-0.5019925,-0.6197185,-0.7343493,-0.7266708,-0.5899419,-0.5628206,-0.5330555
ZWE,GE,-0.7777133,-0.8515797,-0.9477376,-0.9672447,-1.2871277,-1.4271357,-1.3401672,-1.5872219,-1.5538378,-1.4654938,-1.3735719,-1.3576116,-1.2974962,-1.2009532,-0.9412802,-0.9135411,-0.9584327,-1.0473123,-1.1049584,-1.1252829,-1.0994958,-1.0997627,-0.9884796,-0.9876299